Price,Mfg_Month,Mfg_Year,KM,Fuel_Type,HP,Met_Color,Automatic,CC,Doors,Cylinders,Weight,Reg_Fee
13500,10,2002,46986,Diesel,90,1,0,2000,3,4,1165,752.0621533534605
13750,10,2002,72937,Diesel,90,1,0,2000,3,4,1165,700.0170165353716
13950,9,2002,41711,Diesel,90,1,0,2000,3,4,1165,729.818124815338
14950,7,2002,48000,Diesel,90,0,0,2000,3,4,1165,760.2411350222633
13750,3,2002,38500,Diesel,90,0,0,2000,3,4,1170,726.31269184022
12950,1,2002,61000,Diesel,90,0,0,2000,3,4,1170,571.4631595749544
16900,6,2002,94612,Diesel,90,1,0,2000,3,4,1245,904.720201134409
18600,3,2002,75889,Diesel,90,1,0,2000,3,4,1245,942.7790105521359
21500,6,2002,19700,Petrol,192,0,0,1800,3,4,1185,1112.1323983962998
12950,10,2002,71138,Diesel,69,0,0,1900,3,4,1105,628.3333446687818
20950,8,2002,31461,Petrol,192,0,0,1800,3,4,1185,1058.4317932053793
19950,11,2002,43610,Petrol,192,0,0,1800,3,4,1185,971.9057109203338
19600,8,2002,32189,Petrol,192,0,0,1800,3,4,1185,956.8178445920965
21500,2,2002,23000,Petrol,192,1,0,1800,3,4,1185,1057.3328539793124
22500,1,2002,34131,Petrol,192,1,0,1800,3,4,1185,1190.2400094379748
22000,5,2002,18739,Petrol,192,0,0,1800,3,4,1185,1150.2940664243401
22750,3,2002,34000,Petrol,192,1,0,1800,3,4,1185,1127.8664932513445
17950,9,2002,21716,Petrol,110,1,0,1600,3,4,1105,883.6336274733732
16750,9,2002,25563,Petrol,110,0,0,1600,3,4,1065,824.5550950947635
16950,3,2002,64359,Petrol,110,1,0,1600,3,4,1105,852.2288912978644
15950,3,2002,67660,Petrol,110,1,0,1600,3,4,1105,816.7038884116774
16950,4,2002,43905,Petrol,110,0,1,1600,3,4,1170,876.4536890185451
15950,5,2002,56349,Petrol,110,1,0,1600,3,4,1120,824.3174804765237
16950,5,2002,32220,Petrol,110,1,0,1600,3,4,1120,828.6744568650631
16250,4,2002,25813,Petrol,110,1,0,1600,3,4,1120,789.1887255880125
15950,8,2002,28450,Petrol,110,1,0,1600,3,4,1120,823.0320060819791
17495,6,2002,34545,Petrol,110,1,0,1600,3,4,1120,881.3960008271132
15750,4,2002,41415,Petrol,110,1,0,1600,3,4,1120,783.4464015190774
16950,5,2002,44142,Petrol,110,0,0,1600,3,4,1120,825.1032237140013
17950,3,2002,11090,Petrol,110,1,0,1600,3,4,1120,940.1070213829627
12950,4,2002,9750,Petrol,97,1,0,1400,3,4,1100,649.8650723705068
15750,11,2002,35199,Petrol,97,1,0,1400,3,4,1100,830.3406978084437
15950,6,2002,29510,Petrol,97,1,0,1400,3,4,1100,770.9712343651934
14950,7,2002,32692,Petrol,97,1,0,1400,3,4,1100,740.5007185193197
15500,11,2002,41000,Petrol,97,1,0,1400,3,4,1100,778.9661332603642
15750,7,2002,43000,Petrol,97,0,0,1400,3,4,1100,767.5997253982215
15950,8,2002,25000,Petrol,97,0,0,1400,3,4,1100,817.7233599269397
14950,10,2002,10000,Petrol,97,1,0,1400,3,4,1100,726.5202006917355
15750,1,2002,25329,Petrol,97,1,0,1400,3,4,1100,729.1788190866052
14750,6,2002,27500,Petrol,97,0,0,1400,3,4,1100,749.9447823427809
13950,11,2002,49059,Petrol,97,0,0,1400,3,4,1100,743.6616652819223
16750,6,2002,44068,Petrol,97,1,0,1400,3,4,1100,825.4565992812669
13950,11,2002,46961,Petrol,97,0,0,1400,3,4,1100,706.6264311219733
16950,6,2002,110404,Diesel,90,0,0,2000,5,4,1255,837.814419989899
16950,11,2002,100250,Diesel,90,0,0,2000,5,4,1255,860.0153280728822
19000,10,2002,84000,Diesel,90,0,0,2000,5,4,1270,952.8983610553026
17950,6,2002,79375,Diesel,90,1,0,2000,5,4,1255,869.8911661968986
15800,11,2002,75048,Petrol,97,1,0,1400,5,4,1110,850.3300240124438
17950,11,2002,72215,Diesel,90,1,0,2000,5,4,1255,916.1722830863705
21950,2,2002,64982,Petrol,192,1,0,1800,5,4,1195,1097.9668183888011
17950,11,2002,62636,Diesel,90,1,0,2000,5,4,1255,907.417765815168
15750,3,2002,57086,Petrol,97,1,0,1400,5,4,1110,776.2397298746337
20500,7,2002,56000,Petrol,110,1,1,1600,5,4,1180,1036.310014173406
21950,6,2002,49866,Petrol,192,1,0,1800,5,4,1195,1078.070396116015
15500,8,2002,49163,Petrol,110,0,1,1600,5,4,1165,807.3404420416097
13250,1,2002,45725,Petrol,110,1,0,1600,5,4,1075,648.9012258333107
15250,5,2002,43210,Petrol,97,0,0,1400,5,4,1110,735.8948878233406
15250,7,2002,43000,Petrol,97,0,0,1400,5,4,1110,782.5969567438447
18950,10,2002,39704,Petrol,110,1,1,1600,5,4,1180,872.6692271967414
15999,3,2002,38950,Petrol,110,1,0,1600,5,4,1130,749.5133199210302
14950,11,2002,37400,Petrol,97,1,0,1400,5,4,1110,768.207469958678
16500,6,2002,37177,Petrol,110,0,0,1600,5,4,1130,814.4963433242953
18750,2,2002,36544,Petrol,110,1,0,1600,5,4,1130,951.9320520689056
17950,3,2002,33511,Petrol,110,1,0,1600,5,4,1130,887.0731171955372
17950,6,2002,32809,Petrol,97,1,0,1400,5,4,1110,943.5763325154769
16950,7,2002,32181,Petrol,110,1,0,1600,5,4,1075,834.9597361998889
18950,5,2002,30993,Petrol,110,1,0,1600,5,4,1130,918.8385890035521
14950,11,2002,30400,Petrol,97,1,0,1400,5,4,1110,803.6733722893036
22250,11,2002,30000,Diesel,110,1,0,2000,5,4,1275,1143.6629508857054
15950,8,2002,29719,Petrol,97,1,0,1400,5,4,1110,815.8193567678946
15950,5,2002,29206,Petrol,97,1,0,1400,5,4,1110,755.9815513492406
12995,1,2002,29198,Petrol,97,1,0,1400,5,4,1060,651.2226465578229
18950,5,2002,28817,Petrol,110,1,0,1598,5,4,1130,953.5146390020417
15750,10,2002,28227,Petrol,97,1,0,1400,5,4,1110,813.3066352558669
19950,5,2002,28000,Petrol,110,0,0,1600,5,4,1130,980.5137768747942
16950,10,2002,28000,Petrol,110,1,0,1600,5,4,1115,828.4690343037806
18750,2,2002,25266,Petrol,110,1,0,1600,5,4,1130,919.079130216923
18450,6,2002,23489,Petrol,110,0,0,1600,5,4,1115,921.2108962257865
16895,4,2002,22575,Petrol,110,1,0,1600,5,4,1115,775.6823652051506
14900,3,2002,22000,Petrol,97,1,0,1400,5,4,1110,766.2945154665543
18950,8,2002,20019,Petrol,110,1,1,16000,5,4,1180,973.6356678179213
17250,4,2002,20000,Petrol,110,1,0,1600,5,4,1115,883.7085889116452
15450,8,2002,17003,Petrol,97,1,0,1400,5,4,1110,796.9844351368096
17950,2,2002,16238,Petrol,110,1,1,1600,5,4,1180,920.4304639421641
16650,8,2002,15414,Petrol,97,1,0,1400,5,4,1110,837.7209283065163
17450,5,2002,8537,Petrol,110,1,0,1600,5,4,1130,957.1302413692584
14900,3,2002,7000,Petrol,97,1,0,1400,5,4,1100,745.0059693018745
17950,1,2003,66966,Diesel,90,1,0,2000,3,4,1245,919.3533825954682
15950,2,2003,51884,Petrol,97,1,0,1400,3,4,1100,808.0326370514795
21950,2,2003,50005,Diesel,110,1,0,2000,3,4,1265,1083.3763664827704
16450,1,2003,48110,Petrol,97,1,0,1400,3,4,1100,813.735618617248
22250,1,2003,37500,Diesel,90,1,0,2000,3,4,1260,1114.8746786517668
19950,5,2003,34472,Diesel,90,1,0,1995,3,4,1260,1071.0618381059694
15950,1,2003,33329,Petrol,97,1,0,1400,3,4,1100,751.5193385565399
18900,1,2003,31850,Petrol,110,0,0,1600,3,4,1120,927.4903914817827
19950,4,2003,30351,Diesel,90,1,0,1995,3,4,1260,1019.1545839445827
15950,2,2003,29435,Petrol,97,1,0,1400,3,4,1100,804.1899898348156
15950,2,2003,25948,Petrol,97,1,0,1400,3,4,1100,788.8680235627814
18750,10,2003,24500,Petrol,110,1,0,1600,3,4,1120,956.8854098757962
17450,3,2003,23902,Petrol,97,1,0,1400,3,4,1100,902.7118504768814
18990,1,2003,23175,Petrol,110,1,0,1600,3,4,1120,917.4504895610047
16250,2,2003,19200,Petrol,97,1,0,1400,3,4,1100,771.9209726012
18500,8,2003,18000,Petrol,71,0,0,1400,3,4,1125,929.5992802822013
18500,10,2003,16123,Petrol,110,1,0,1600,3,4,1105,849.848575230249
19450,10,2003,14635,Petrol,110,1,1,1600,3,4,1155,1004.0230792615775
16950,2,2003,13748,Petrol,97,1,0,1400,3,4,1100,906.8639738850904
18800,7,2003,11500,Petrol,110,1,0,1600,3,4,1045,950.4286594045617
17450,4,2003,10000,Petrol,97,1,0,1400,3,4,1100,906.707613834914
17950,1,2003,7187,Petrol,110,1,0,1600,3,4,1105,919.126151437936
32500,5,2004,1,Diesel,116,0,0,2000,5,4,1480,1690.2539002433093
31000,5,2004,4000,Diesel,116,1,0,2000,5,4,1480,1590.6312333544095
31275,5,2004,1500,Diesel,116,1,0,2000,5,4,1480,1560.8082739432286
24950,1,2004,13253,Diesel,116,1,0,2000,5,4,1320,1213.9115061739283
24950,1,2004,13253,Diesel,116,1,0,2000,5,4,1320,1267.625969557408
22950,2,2004,10000,Diesel,116,1,0,2000,5,4,1270,1130.9305894938216
24990,1,2004,6000,Diesel,90,1,0,2000,5,4,1280,1265.1223415604074
21950,1,2004,10841,Diesel,90,1,0,2000,5,4,1270,1141.3057952063148
17900,2,2004,1,Petrol,110,1,0,1600,3,4,1105,884.9419569356801
19250,1,2003,63000,Diesel,90,1,0,2000,5,4,1255,1026.6922189533784
22250,4,2003,57313,Diesel,110,1,0,2000,5,4,1275,1139.7698498363263
18950,8,2003,57037,Petrol,110,0,0,1600,5,4,1115,948.8190845920532
19950,2,2003,51099,Diesel,90,1,0,2000,5,4,1255,1007.9085841104459
16350,7,2003,40010,Petrol,110,1,0,1600,5,4,1115,820.9542604800088
18950,1,2003,39115,Petrol,110,1,0,1600,5,4,1130,953.786391614297
16950,4,2003,36012,Petrol,110,0,0,1600,5,4,1130,923.5927405936033
21750,5,2003,36000,Petrol,110,1,0,1600,5,4,1130,1110.1753340755104
15950,1,2003,36000,Petrol,110,1,0,1600,5,4,1075,763.5169454528273
16500,1,2003,35000,Petrol,97,1,0,1400,5,4,1110,829.7169284517695
17950,4,2003,33740,Petrol,97,1,0,1400,5,4,1135,905.6024840076841
15850,8,2003,33477,Petrol,110,1,0,1600,5,4,1075,857.3900200077251
16250,1,2003,32627,Petrol,97,1,0,1400,5,4,1110,795.7605928214917
15950,1,2003,29797,Petrol,97,1,0,1400,5,4,1110,809.508534716488
16250,2,2003,29441,Petrol,97,1,0,1400,5,4,1110,784.1720689749029
15950,8,2003,29371,Petrol,110,1,0,1600,4,4,1105,813.7117093766685
16500,1,2003,29000,Petrol,97,0,0,1400,5,4,1110,825.1746634884078
16500,2,2003,27821,Petrol,97,0,0,1400,5,4,1110,777.1734681463645
18450,2,2003,27371,Petrol,97,0,0,1400,5,4,1135,873.467082331174
16250,8,2003,25170,Petrol,110,1,0,1600,5,4,1105,850.8619770380056
23000,10,2003,25000,Diesel,116,1,0,2000,5,4,1320,1129.8407775368194
19900,1,2003,23000,Petrol,110,1,0,1600,5,4,1130,954.8571529214732
16450,1,2003,22588,Petrol,97,1,0,1400,5,4,1110,859.4724736195371
23950,2,2003,21684,Petrol,192,1,0,1800,5,4,1185,1244.3600412853853
19950,8,2003,21428,Petrol,110,1,0,1600,5,4,1130,1046.7833714578699
18500,5,2003,20629,Petrol,110,1,0,1600,4,4,1090,940.7592928574171
18950,6,2003,20270,Petrol,110,1,0,1600,5,4,1130,932.826331429726
16450,5,2003,20105,Petrol,97,0,0,1400,5,4,1110,812.1553912662766
20500,1,2003,20000,Petrol,110,0,1,1600,5,4,1165,1038.065341077308
24500,8,2003,19988,Petrol,110,1,0,1600,5,4,1130,1226.4390078840204
19450,2,2003,18328,Petrol,110,0,0,1600,5,4,1130,973.3527162383876
20950,7,2003,17896,Petrol,110,1,1,1600,4,4,1150,1066.5626076245223
17200,1,2003,17300,Petrol,97,1,0,1400,5,4,1110,834.3778182672976
19950,2,2003,17038,Petrol,110,0,0,1600,5,4,1130,930.3184849312105
18450,11,2003,13747,Petrol,97,1,0,1400,5,4,1110,883.0597239098888
19500,9,2003,13634,Petrol,110,1,0,1600,5,4,1115,966.8434478838245
21750,8,2003,13178,Petrol,110,1,0,1600,5,4,1130,1038.551708793739
16868,6,2003,13157,Petrol,97,1,0,1400,4,4,1085,873.01480073139
19500,5,2003,13000,Petrol,110,1,0,1600,4,4,1105,1011.5461125475437
18900,10,2003,12500,Petrol,110,1,0,1600,5,4,1115,933.283257375193
19750,4,2003,11999,Petrol,110,1,0,1600,5,4,1130,968.7683310016805
19750,5,2003,11754,Petrol,110,0,1,1600,5,4,1180,969.0276694831845
18950,5,2003,11000,Petrol,110,1,0,1600,4,4,1105,929.8833380623687
20750,4,2003,10000,Petrol,110,0,0,1598,5,4,1105,1015.1295209765462
19600,12,2003,7650,Petrol,110,1,0,1600,5,4,1115,933.6735715160767
19500,7,2003,6500,Petrol,110,1,0,1600,4,4,1100,946.9006576266258
17650,10,2003,6155,Petrol,97,1,0,1400,5,4,1110,856.4943248406827
19950,7,2003,6000,Petrol,110,0,0,1600,5,4,1130,979.5542002163975
19950,7,2003,5459,Petrol,110,1,0,1600,5,4,1130,1022.6921519962407
20950,7,2003,5278,Petrol,110,1,1,1600,4,4,1150,1005.3469761197039
20500,9,2003,5000,Petrol,110,1,0,1600,5,4,1130,1031.4641562307706
17795,12,2003,1,Petrol,98,1,0,1400,4,4,1065,901.2294706259
18245,12,2003,1,Petrol,110,1,0,1600,5,4,1075,960.5922794992938
23750,1,2004,11000,Petrol,110,1,0,1600,5,4,1130,1185.1686752597714
19500,1,2004,10077,Petrol,97,1,0,1400,5,4,1110,954.0178784778996
18950,1,2004,10000,Petrol,97,1,0,1400,5,4,1110,955.6710604849828
21950,1,2004,9788,Petrol,110,1,0,1600,5,4,1130,1053.19987574889
19950,1,2004,8574,Petrol,110,1,0,1600,5,4,1130,999.1105010696654
18950,1,2004,7000,Petrol,110,0,0,1600,5,4,1115,949.3237733687223
19950,2,2004,6250,Petrol,110,1,0,1600,5,4,1115,989.9719102923675
21950,1,2004,5000,Petrol,110,1,0,1600,5,4,1130,1093.1513059954586
22500,3,2004,3000,Petrol,110,0,0,1600,5,4,1130,1152.8345150826788
18500,2,2004,2000,Petrol,110,0,0,1600,5,4,1075,939.3607445608583
18700,2,2004,450,Petrol,97,1,0,1400,5,4,1110,957.1992224208723
21125,7,2004,225,Petrol,97,1,0,1400,5,4,1110,1055.8042830723025
21500,7,2004,15,Petrol,110,1,0,1600,5,4,1130,1104.8491848029682
17795,8,2004,1,Petrol,98,1,0,1400,4,4,1100,868.2703847926185
18245,8,2004,1,Petrol,110,1,0,1600,5,4,1075,908.7304604245172
6950,2,2001,243000,Diesel,69,0,0,1900,3,4,1110,341.4808029402649
9500,7,2001,180638,Diesel,90,0,0,2000,4,4,1160,459.03008404273663
11950,5,2001,179860,Diesel,90,1,0,2000,5,4,1205,555.271439580661
7750,2,2001,178858,CNG,110,0,0,1600,3,4,1084,392.2994966133233
11950,5,2001,161000,Diesel,69,1,0,1900,3,4,1105,613.4941735237929
4350,1,2001,158320,Diesel,69,0,0,1800,5,4,1110,190.11802490207512
4750,1,2001,131273,Diesel,69,1,0,1800,5,4,1110,191.42038803722448
11750,5,2001,130062,Diesel,69,1,0,1900,5,4,1140,615.195266699443
13250,4,2001,123425,Diesel,69,1,0,1900,5,4,1140,618.395789354719
11950,8,2001,118217,Petrol,110,1,0,1600,5,4,1075,608.7742563180863
11900,1,2001,110000,Diesel,69,1,0,1900,5,4,1095,625.0444306777111
14750,6,2001,108847,Diesel,90,1,0,2000,5,4,1205,779.3785447354455
9950,3,2001,105699,Petrol,97,1,0,1400,3,4,1025,522.1385475967061
11950,6,2001,98823,CNG,110,1,0,1600,5,4,1119,598.9570631925845
11495,1,2001,96829,Petrol,110,1,0,1600,5,4,1075,547.8834724273353
11250,5,2001,96518,Petrol,97,1,0,1400,3,4,1025,575.2672433931916
10500,3,2001,92204,Petrol,110,1,0,1600,5,4,1075,562.4298819730562
10450,10,2001,91456,Diesel,69,1,0,1900,3,4,1110,537.79965545362
12950,2,2001,89968,Diesel,69,1,0,1900,5,4,1140,626.2386736524306
11500,1,2001,89757,Petrol,110,1,0,1600,3,4,1045,581.0881122753017
12500,5,2001,85389,Petrol,110,1,0,1600,5,4,1075,629.5069388356019
10950,2,2001,85017,Petrol,97,0,0,1400,5,4,1060,575.4883621224703
11450,4,2001,84312,Petrol,110,0,0,1600,5,4,1080,587.1101949575614
11950,8,2001,82743,CNG,110,1,0,1600,5,4,1121,612.4194764197348
13250,4,2001,81106,Diesel,69,1,0,1900,5,4,1140,673.5590616743057
14750,5,2001,80425,Diesel,90,1,0,2000,5,4,1205,720.5611642323391
11790,11,2001,78677,Petrol,110,1,1,1600,5,4,1105,566.8139707730304
11450,5,2001,78425,Petrol,110,1,0,1600,5,4,1075,599.6575311489219
13500,12,2001,78108,Diesel,90,1,0,2000,3,4,1170,664.1271306074204
10950,12,2001,77321,Petrol,110,1,0,1600,5,4,1075,589.3102965575695
13500,12,2001,75699,Diesel,69,0,0,1900,3,4,1105,668.1590194446159
10950,4,2001,75697,Petrol,97,1,0,1400,3,4,1025,519.1920755085793
10950,1,2001,74846,Petrol,97,1,0,1400,3,4,1025,553.3856440566432
12950,7,2001,74319,Petrol,110,1,0,1600,5,4,1075,656.9068778664853
11950,2,2001,74285,Petrol,110,1,0,1600,5,4,1075,591.1045164832002
12450,1,2001,74172,Petrol,110,1,0,1600,5,4,1615,569.862447388587
11950,5,2001,73042,Petrol,110,1,0,1598,5,4,1075,601.6879457949607
14950,1,2001,71793,CNG,110,1,0,1600,4,4,1067,769.4060537590235
12450,10,2001,71200,Petrol,110,1,0,1600,5,4,1075,572.3558115914292
12950,7,2001,67805,Petrol,110,1,0,1600,5,4,1075,605.7891928170079
11950,10,2001,65988,Petrol,110,1,0,1600,3,4,1040,578.2970886795767
11690,11,2001,65345,Petrol,97,1,0,1400,5,4,1060,593.9325264029903
12450,3,2001,64564,Petrol,110,1,0,1600,5,4,1080,622.1738476236546
12750,9,2001,63459,Petrol,97,1,0,1400,5,4,1060,607.0302415204408
11925,1,2001,63451,Petrol,97,0,0,1400,3,4,1025,552.5938639126367
12950,12,2001,62000,Petrol,110,1,0,1600,5,4,1075,701.6016509371204
11950,3,2001,61300,Petrol,97,1,0,1400,3,4,1030,578.6119621574516
12900,4,2001,61200,Petrol,110,1,0,1600,3,4,1045,633.5624831890942
11900,4,2001,61000,Petrol,110,0,0,1600,5,4,1075,598.3889639885152
11650,7,2001,60829,Petrol,110,1,0,1600,5,4,1075,570.2641718964137
10950,1,2001,60500,Petrol,110,0,0,1600,5,4,1075,539.030912577944
13950,10,2001,59500,Diesel,69,1,0,1900,3,4,1110,650.9063933905467
13950,1,2001,59000,Petrol,110,0,1,1600,5,4,1110,655.4884891831301
11950,5,2001,58954,Petrol,110,1,0,1600,5,4,1080,602.6600339974777
10950,7,2001,58798,Petrol,110,1,0,1600,5,4,1075,515.4284196645765
12450,7,2001,58363,Petrol,110,1,0,1600,3,4,1055,662.5904514460394
11950,2,2001,58277,Petrol,110,1,0,1600,3,4,1045,635.9247066571743
13500,12,2001,57711,Diesel,90,1,0,2000,3,4,1165,613.3591978908379
11690,12,2001,57269,Petrol,110,1,0,1600,5,4,1075,553.6943858029043
13500,6,2001,56001,Petrol,110,1,0,1600,5,4,1075,649.8664418482942
11950,3,2001,55968,Petrol,110,0,0,1600,3,4,1050,615.540564220489
12900,6,2001,55678,Petrol,110,1,0,1600,4,4,1030,659.6489517402282
13500,2,2001,55539,Petrol,110,1,0,1600,5,4,1085,651.58456806648
11750,3,2001,55400,Petrol,110,0,0,1600,5,4,1075,535.8534006974835
11750,12,2001,55350,Petrol,110,0,0,1600,5,4,1075,562.0203202689969
10850,2,2001,54600,Petrol,110,0,0,1600,4,4,1030,547.9462659773848
11750,2,2001,53773,Petrol,110,1,0,1600,5,4,1075,594.747148652773
14950,3,2001,53719,Petrol,110,1,1,1600,5,4,1105,732.2250099983632
9940,6,2001,53644,Petrol,110,1,0,1600,5,4,1075,533.8334865079819
12900,3,2001,53350,Petrol,110,0,0,1600,5,4,1075,620.3046727215582
13500,7,2001,53000,Petrol,110,1,0,1600,5,4,1075,679.5404569650026
11750,1,2001,52084,Petrol,97,1,0,1400,3,4,1025,574.3396353353642
11950,1,2001,52000,Petrol,97,0,0,1400,3,4,1025,618.6498914657176
13450,12,2001,51945,Petrol,110,1,0,1600,5,4,1075,646.9431130144465
11950,4,2001,51732,Petrol,97,1,0,1400,3,4,1025,598.4274661050671
12495,6,2001,50873,Petrol,110,1,0,1600,5,4,1075,625.2095274293382
13500,4,2001,50856,Petrol,110,0,0,1600,4,4,1030,688.0070104085654
12750,5,2001,50640,Petrol,110,1,0,1600,5,4,1075,652.1379073842403
12000,6,2001,50000,Petrol,97,1,0,1400,5,4,1060,557.396887911631
11950,7,2001,49500,Petrol,110,1,0,1600,5,4,1075,594.8644025764846
12495,1,2001,49332,Petrol,110,1,0,1600,5,4,1080,587.0748509105657
12450,11,2001,49291,Petrol,110,1,0,1600,3,4,1040,582.0948016014393
14750,5,2001,48952,Diesel,90,1,0,2000,5,4,1205,718.2196759356075
10950,6,2001,48945,Petrol,110,0,0,1600,3,4,1040,517.225296461277
13500,12,2001,48928,Diesel,69,1,0,1900,3,4,1105,704.1052949619558
12950,7,2001,48197,Petrol,110,1,0,1600,5,4,1075,557.3149320287398
13500,10,2001,48052,Diesel,69,1,0,1900,3,4,1105,694.4033812673952
13450,11,2001,48011,Petrol,110,1,0,1600,4,4,1030,619.2792222840014
13500,2,2001,48000,Petrol,110,1,0,1600,5,4,1075,713.8110191743341
11480,4,2001,47350,Petrol,110,1,0,1600,5,4,1075,605.356073753018
13450,6,2001,46821,Petrol,97,1,0,1400,5,4,1060,666.2093416112281
11495,6,2001,46694,Petrol,110,0,0,1600,3,4,1040,555.6998132393217
12750,2,2001,46515,Petrol,97,0,0,1400,5,4,1025,638.0732952875959
14990,7,2001,46327,Petrol,110,1,0,1600,3,4,1055,750.3733227871948
12950,10,2001,46304,Petrol,97,1,0,1400,5,4,1060,708.0833106526559
12950,5,2001,45886,Petrol,110,1,0,1600,5,4,1080,615.14442744507
12850,6,2001,45713,Petrol,97,1,0,1400,5,4,1085,604.8359937126148
13950,5,2001,45600,Petrol,110,1,1,1600,5,4,1105,690.0437960377274
11950,4,2001,45287,Petrol,110,1,0,1600,5,4,1075,556.0453969301118
12950,6,2001,45081,Petrol,110,1,0,1600,5,4,1075,632.7801620514849
11700,5,2001,44830,Petrol,110,1,0,1600,5,4,1075,581.2596481406486
9950,8,2001,44757,Petrol,97,0,0,1400,3,4,1025,498.0525172191454
11895,1,2001,44218,Petrol,97,1,0,1400,5,4,1060,690.776422025873
12950,2,2001,43632,Petrol,110,1,0,1600,5,4,1075,686.0410196576171
12500,9,2001,43427,Petrol,110,1,0,1600,3,4,1040,582.1798527581556
13875,6,2001,43254,Petrol,110,1,0,1600,5,4,1075,693.6765624908586
10500,10,2001,43000,Petrol,110,0,0,1600,3,4,1050,497.7580304008066
12295,12,2001,42823,Petrol,110,1,0,1600,5,4,1075,672.3059016335549
13950,3,2001,42560,Petrol,110,1,0,1600,5,4,1080,704.3200867436819
10950,7,2001,41754,Petrol,110,0,0,1600,3,4,1040,493.12303701552406
12950,1,2001,41499,CNG,110,1,0,1600,5,4,1103,628.1310979555276
12850,5,2001,41339,Petrol,110,1,0,1600,5,4,1080,620.0768823701455
13995,10,2001,41000,Petrol,110,1,0,1600,5,4,1075,688.961069131448
13750,6,2001,40000,Petrol,110,1,0,1600,3,4,1055,693.7064286325715
12750,8,2001,39757,Petrol,110,1,0,1600,5,4,1075,645.5553295433035
12500,4,2001,39659,Petrol,110,1,0,1600,3,4,1045,647.5466095122758
13950,2,2001,39650,Petrol,110,0,0,1600,3,4,1055,683.6242738786854
11500,6,2001,39524,Petrol,97,1,0,1398,3,4,1025,543.956005409758
13950,1,2001,39516,Petrol,97,1,0,1400,5,4,1060,683.0083031584842
11895,4,2001,39439,Petrol,97,0,0,1400,5,4,1060,581.4582889773686
9950,1,2001,39000,Petrol,97,1,0,1400,3,4,1025,472.9552525984001
13500,3,2001,38932,Petrol,110,1,0,1600,3,4,1040,643.4948646232123
11450,8,2001,38812,Petrol,97,0,0,1400,3,4,1025,619.013044087766
12450,3,2001,38665,Petrol,110,1,0,1600,5,4,1075,588.7740847218365
12950,5,2001,38653,Petrol,110,1,0,1600,5,4,1080,593.8799868488702
13995,1,2001,38461,Petrol,110,1,0,1600,5,4,1080,755.6168879945178
11750,3,2001,38078,Petrol,97,0,0,1400,3,4,1025,603.4735703943288
11650,6,2001,37782,Petrol,97,1,0,1400,5,4,1060,583.1742416531621
9950,2,2001,37576,Petrol,97,0,0,1400,3,4,1030,489.1556189060828
13950,4,2001,37533,Petrol,110,1,0,1600,5,4,1075,667.0394402072264
12950,1,2001,37389,Petrol,110,1,0,1600,5,4,1080,666.046667332241
10950,7,2001,37320,Petrol,97,1,0,1400,3,4,1025,573.2991669298672
9900,3,2001,37000,Petrol,97,1,0,1400,3,4,1025,511.7131820504324
11950,1,2001,37000,Petrol,110,0,0,1600,4,4,1075,579.8963764381567
11990,5,2001,36566,Petrol,110,0,0,1600,5,4,1090,606.6976360689032
10750,9,2001,36269,Petrol,110,1,0,1600,5,4,1075,576.2317234520913
13950,8,2001,36074,Petrol,110,1,1,1600,5,4,1075,650.3550368779853
11250,1,2001,36066,Petrol,110,1,0,1600,3,4,1040,563.2587568661722
12950,6,2001,34599,Petrol,110,1,0,1600,5,4,1075,610.5452643256106
11950,4,2001,34000,Petrol,110,1,0,1600,5,4,1075,550.7642820496123
10950,3,2001,33623,Petrol,97,1,0,1400,3,4,1025,480.3629378385021
12950,12,2001,33591,Petrol,110,1,0,1600,5,4,1075,687.0953367962125
12950,10,2001,33258,Petrol,110,1,0,1600,5,4,1075,673.2622034758441
11695,2,2001,33113,Petrol,110,1,0,1600,5,4,1075,580.5323351003921
11000,4,2001,33000,Petrol,110,1,1,1600,5,4,1075,554.8932236034435
13950,10,2001,32941,Petrol,110,1,0,1600,5,4,1080,717.4519465740935
11950,7,2001,32781,Petrol,110,0,0,1600,5,4,1075,604.6052710031025
11750,5,2001,32532,Petrol,110,1,0,1600,3,4,1040,587.109423360869
12400,11,2001,32431,Petrol,97,1,0,1400,5,4,1060,633.8569947099516
12500,10,2001,32000,Petrol,110,0,0,1600,3,4,1040,602.9614918357521
12900,12,2001,31000,Petrol,110,1,0,1600,5,4,1075,620.374241061018
12200,4,2001,30989,Petrol,110,0,0,1600,3,4,1045,632.0836756736809
12750,2,2001,30742,Petrol,110,1,0,1600,3,4,1040,640.232824730203
11950,3,2001,30190,Petrol,110,1,0,1600,5,4,1075,541.3908652925363
11900,4,2001,29716,Petrol,116,1,0,1600,5,4,1075,614.6682607940284
11950,1,2001,29716,Petrol,110,1,1,1600,3,4,1070,591.8989651818692
14950,3,2001,29640,Petrol,110,0,0,1600,3,4,1055,792.8428858938327
11950,4,2001,29056,Petrol,97,1,0,1400,5,4,1060,601.3243192433686
12950,12,2001,28715,Petrol,110,1,0,1600,5,4,1075,632.4934133098704
14950,4,2001,28571,Petrol,110,0,0,1600,5,4,1090,761.8881394531576
13450,5,2001,28362,Petrol,110,1,0,1600,3,4,1040,719.3783064291865
13750,7,2001,28150,Petrol,110,1,0,1600,5,4,1075,733.1654106253828
12950,2,2001,27301,Petrol,110,1,0,1600,3,4,1040,673.3273420124619
12750,12,2001,27240,Petrol,110,1,0,1600,5,4,1075,682.1310539710997
11895,6,2001,27170,Petrol,97,1,0,1400,5,4,1060,570.618546904181
9950,3,2001,27141,Petrol,97,1,0,1400,5,4,1060,533.2430627559173
12450,7,2001,26262,Petrol,110,1,0,1600,5,4,1075,583.545314256661
12500,7,2001,26000,Petrol,97,1,0,1400,5,4,1060,600.6158707430109
14950,2,2001,25228,Petrol,110,1,0,1600,3,4,1045,787.3472678050858
13750,6,2001,25062,Petrol,110,1,0,1600,5,4,1080,676.0384356468256
12695,6,2001,24723,Petrol,110,1,1,1600,4,4,1060,589.4965682322022
14990,12,2001,24650,Petrol,110,1,0,1600,3,4,1055,718.6828481523286
12750,2,2001,24553,Petrol,110,1,0,1600,5,4,1080,590.7241522762964
14350,4,2001,24475,Petrol,110,1,0,1600,5,4,1030,748.2305798758053
12950,6,2001,24444,Petrol,110,1,0,1600,3,4,1040,614.9947415822593
11500,10,2001,24011,Petrol,97,0,0,1400,3,4,1025,667.8267527232399
11950,4,2001,24000,Petrol,97,1,0,1400,3,4,1025,626.5190927304214
13450,5,2001,23616,Petrol,110,1,0,1600,5,4,1075,664.494008913438
12900,7,2001,22865,Petrol,110,1,0,1600,5,4,1075,671.7716996607467
10500,4,2001,22780,Petrol,86,1,0,1300,5,4,1035,541.7240297799634
10950,10,2001,21904,Petrol,97,0,0,1400,3,4,1025,532.948136967436
11950,4,2001,21651,Petrol,97,0,0,1400,3,4,1025,597.119861649583
11450,8,2001,21500,Petrol,110,1,0,1600,5,4,1030,601.5727622789994
13250,1,2001,21027,Petrol,110,1,0,1600,5,4,1080,632.4397501839941
10250,6,2001,18500,Petrol,110,0,0,1600,4,4,1030,518.9965644345311
13995,10,2001,18000,Petrol,110,1,0,1600,5,4,1075,689.2263774688786
11950,5,2001,17051,Petrol,97,0,0,1400,5,4,1060,609.8056400941047
13250,12,2001,16512,Petrol,97,1,0,1400,5,4,1085,683.6102717041939
12950,5,2001,16325,Petrol,110,1,0,1600,5,4,1080,640.5969263163962
11750,7,2001,16000,Petrol,97,1,0,1400,5,4,1060,556.2651804811435
11500,6,2001,12000,Petrol,110,1,0,1600,5,4,1075,561.6911998604219
13500,2,2001,10000,Petrol,97,1,0,1400,5,4,1060,705.8270374225787
6500,4,2000,216000,Diesel,69,0,0,1900,3,4,1110,351.1261491891383
6400,6,2000,198167,Diesel,69,0,0,1900,4,4,1095,329.84634520266167
7000,4,2000,176000,Diesel,69,0,0,1900,3,4,1105,267.0482364551692
7750,3,2000,174139,Diesel,72,1,0,2000,4,4,1100,372.4374038647242
8900,12,2000,174000,Diesel,69,1,0,1900,5,4,1095,463.46837787037396
8500,2,2000,150000,CNG,110,1,0,1600,3,4,1075,435.37818140125046
8950,3,2000,149329,Diesel,72,1,0,2000,5,4,1135,411.77419142492
9900,6,2000,146736,Petrol,110,1,0,1600,5,4,1080,484.60708537401683
10250,4,2000,143513,Diesel,69,0,0,1900,5,4,1140,481.842007518696
9250,9,2000,142130,CNG,110,0,0,1600,5,4,1119,493.6901071659026
7750,9,2000,140700,Diesel,69,1,0,1900,5,4,1110,351.81533145397685
9450,3,2000,138394,Diesel,69,1,0,1900,4,4,1095,506.5636570354292
7750,2,2000,137000,Diesel,72,1,0,2000,5,4,1135,397.39723884058276
8250,5,2000,135258,Diesel,69,1,0,1900,5,4,1140,362.55200774042265
9950,8,2000,131364,Petrol,110,1,0,1600,5,4,1075,461.5131735676916
4450,1,2000,129155,Diesel,69,0,0,1800,5,4,1110,217.71040727454817
9950,7,2000,126110,Petrol,110,0,0,1600,3,4,1055,547.8193978741298
9000,9,2000,119742,Petrol,110,1,0,1600,5,4,1080,392.8092968339287
9950,4,2000,117913,Diesel,69,1,0,1900,5,4,1110,498.00931682961334
12450,10,2000,117430,Diesel,90,1,0,2000,3,4,1165,666.2010332466492
10500,2,2000,117175,Petrol,110,1,0,1600,4,4,1035,546.5771068626025
10750,3,2000,115558,Petrol,110,1,0,1600,4,4,1035,539.3967049879351
8950,4,2000,115113,Petrol,97,1,0,1400,3,4,1025,432.53404628438733
10500,3,2000,115046,Diesel,69,1,0,1900,5,4,1140,497.8537398697161
5150,1,2000,113997,Diesel,72,1,0,2000,5,4,1135,220.62724438931127
10950,8,2000,107859,Petrol,97,0,0,1400,5,4,1060,500.25997830635697
9450,5,2000,104805,Petrol,97,1,0,1400,3,4,1025,465.57831023039193
9950,3,2000,103454,Petrol,110,1,0,1600,5,4,1075,508.1801924769142
10950,6,2000,103018,Diesel,69,0,0,1900,5,4,1140,581.9244842589205
11900,10,2000,102352,Petrol,110,1,0,1600,5,4,1080,595.1482949273446
9950,7,2000,102030,Petrol,97,1,0,1400,5,4,1060,460.0200631656932
11950,3,2000,101352,Petrol,110,0,0,1600,5,4,1080,605.6384975694995
7900,7,2000,99865,Petrol,110,1,0,1600,4,4,1035,398.75594063019435
10950,5,2000,99323,Petrol,110,1,0,1600,3,4,1055,560.1009686415636
8950,9,2000,98100,Diesel,69,1,0,1900,5,4,1140,472.7375797039347
11950,6,2000,98040,Petrol,110,0,0,1600,5,4,1080,652.4052574596594
10900,8,2000,97600,Petrol,110,1,0,1600,3,4,1045,559.8233934684447
9950,2,2000,97234,Petrol,110,0,0,1600,5,4,1080,525.5640681567594
9950,6,2000,96135,Diesel,72,0,0,2000,3,4,1115,519.700143639776
10950,3,2000,96100,Petrol,110,1,0,1600,5,4,1080,575.5767676611615
8950,2,2000,94401,Diesel,72,0,0,2000,3,4,1115,449.0413784310523
8950,2,2000,94122,Petrol,86,1,0,1300,3,4,1015,404.8251906539788
10500,8,2000,91340,Petrol,110,1,0,1600,3,4,1055,539.3482477998647
8950,4,2000,90200,Petrol,97,0,0,1400,3,4,1025,502.55468754080124
9250,4,2000,90097,Diesel,69,1,0,1900,5,4,1140,448.07093218661254
11500,9,2000,89049,Petrol,97,1,0,1400,5,4,1060,587.0240641776836
9750,5,2000,89000,Petrol,110,0,0,1600,5,4,1075,483.5546762392792
9950,12,2000,87274,Petrol,110,1,0,1600,3,4,1040,454.625315685762
11450,8,2000,86221,Petrol,110,0,0,1600,3,4,1045,587.134888981994
12500,3,2000,84598,Petrol,110,0,0,1600,5,4,1075,629.0488658951997
10500,7,2000,83567,Petrol,110,0,0,1600,5,4,1075,547.9913657356605
12950,7,2000,83106,Petrol,110,1,0,1600,5,4,1075,690.8167622482325
12200,7,2000,82805,Petrol,110,1,0,1600,3,4,1040,597.6809590974718
10950,7,2000,82735,Petrol,97,1,0,1400,3,4,1030,536.949218724685
10950,3,2000,81905,Petrol,110,1,0,1600,5,4,1105,545.5893435432992
11290,8,2000,80320,Petrol,110,1,1,1600,3,4,1070,552.2871428587247
10750,8,2000,80090,Petrol,97,1,0,1400,3,4,1030,593.658712688473
10895,4,2000,79800,Petrol,110,0,0,1600,5,4,1075,526.691432920606
11500,10,2000,78785,CNG,110,1,0,1600,5,4,1119,623.4984047417469
9750,9,2000,78600,Petrol,110,1,0,1600,5,4,1075,504.1853739087555
10250,2,2000,77780,Petrol,110,0,0,1600,3,4,1040,424.63299482624615
12500,8,2000,77648,Petrol,110,0,0,1600,4,4,1030,605.2424919294524
11950,3,2000,77270,Petrol,110,1,0,1600,4,4,1035,580.8004891067089
10750,7,2000,76167,Petrol,97,1,0,1400,5,4,1060,548.2681909703692
11450,11,2000,75249,Petrol,110,1,0,1600,4,4,1035,602.3672226869278
11950,3,2000,75231,Petrol,110,1,0,1600,5,4,1080,641.0974976006556
11750,9,2000,75045,Petrol,110,1,0,1600,3,4,1055,554.2183554637669
10950,7,2000,74849,Petrol,110,1,1,1600,4,4,1060,594.258541121495
11950,2,2000,74715,Petrol,110,1,0,1600,5,4,1080,606.1648882345582
10995,8,2000,74656,Diesel,69,0,0,1900,3,4,1105,496.40978237656395
11450,1,2000,74500,Petrol,97,0,0,1400,3,4,1025,533.9289205625382
8900,8,2000,74494,Petrol,110,1,0,1600,5,4,1075,445.99872507259994
10500,7,2000,73634,Petrol,110,0,0,1587,5,4,1075,526.834627205475
11750,10,2000,73403,Petrol,110,1,0,1600,5,4,1075,580.4830802489865
11450,8,2000,73175,Petrol,97,1,0,1400,3,4,1030,592.1361436933659
12000,5,2000,73000,Petrol,110,0,0,1600,3,4,1055,641.0457094455736
11950,7,2000,72242,Petrol,110,0,1,1600,3,4,1070,628.2908767314125
9850,4,2000,72000,Petrol,97,1,0,1400,3,4,1025,490.7716590337166
10950,3,2000,71725,Petrol,110,1,0,1600,4,4,1035,534.1273955050663
10950,3,2000,71276,Petrol,110,0,0,1600,5,4,1080,539.5052534821936
8695,7,2000,70440,Diesel,69,1,0,1900,3,4,1105,404.2449808776135
10990,4,2000,70239,Petrol,110,0,0,1600,3,4,1040,543.8758602837331
9500,2,2000,69813,Petrol,97,1,0,1400,3,4,1025,504.58358016745245
11950,8,2000,69659,Petrol,86,0,0,1300,3,4,1025,655.7898312990901
10750,11,2000,69574,Petrol,97,0,0,1400,5,4,1065,549.9406835258723
8750,10,2000,69000,Diesel,69,1,0,1900,5,4,1140,389.624196667378
8750,8,2000,68565,Petrol,110,1,0,1600,4,4,1030,425.53246189298187
11450,2,2000,68520,Diesel,72,1,0,2000,3,4,1115,602.014684964303
9950,11,2000,68414,Petrol,97,0,0,1400,3,4,1025,551.4042738501753
11950,1,2000,66777,Petrol,110,0,0,1600,5,4,1090,626.8098014210211
13950,5,2000,66527,Petrol,110,1,0,1600,5,4,1080,691.2199405408546
11250,3,2000,66063,Petrol,110,1,0,1600,5,4,1090,537.8771122095678
10900,7,2000,65471,Petrol,97,1,0,1400,5,4,1060,493.2376084838923
9750,1,2000,65400,Petrol,97,1,0,1400,3,4,1025,471.67149510009517
9950,5,2000,65170,Petrol,97,1,0,1400,3,4,1025,468.5035334256406
11950,1,2000,65000,Petrol,110,1,0,1600,5,4,1075,568.7489350818264
10450,9,2000,64193,Petrol,110,1,0,1600,3,4,1040,493.97073124403505
8950,3,2000,64000,Petrol,97,1,0,1400,3,4,1025,486.7270581174166
10250,3,2000,63792,Petrol,110,1,0,1600,5,4,1075,563.1183918462866
9930,4,2000,63635,Petrol,110,1,0,1600,4,4,1035,466.52133104831654
10500,3,2000,63135,Petrol,110,1,0,1600,3,4,1050,559.6094761981198
11950,3,2000,63123,Petrol,110,1,0,1600,4,4,1035,632.7078996370984
11500,9,2000,63000,Diesel,69,1,0,1900,5,4,1140,562.7555566760318
11500,2,2000,63000,Petrol,110,0,0,1600,4,4,1035,562.673404036791
11450,3,2000,62987,Petrol,110,0,0,1600,5,4,1080,568.1503220940456
9900,1,2000,62751,Petrol,110,0,0,1600,3,4,1050,494.6569567186448
9500,3,2000,62519,Petrol,97,0,0,1400,3,4,1025,495.8407338689868
10500,7,2000,62280,Petrol,97,1,0,1400,5,4,1060,569.9265767025629
10750,7,2000,61672,Petrol,110,0,0,1600,5,4,1075,565.972136381499
8950,3,2000,61000,Diesel,69,0,0,2000,5,4,1140,438.9362120597826
12000,1,2000,61000,Petrol,110,1,0,1600,3,4,1050,645.2725845497322
9940,4,2000,60558,Petrol,110,1,0,1600,4,4,1105,537.5933735669574
10950,10,2000,60348,Petrol,110,0,0,1600,4,4,1030,577.0768005014995
10750,3,2000,60239,Petrol,110,1,0,1600,5,4,1075,539.9401407592319
9799,6,2000,59000,Petrol,97,1,0,1400,3,4,1025,486.64667207726967
11750,6,2000,58761,Petrol,97,0,0,1300,5,4,1060,551.5740112867375
11950,3,2000,58745,Petrol,110,1,0,1600,4,4,1035,615.8955949825594
11250,5,2000,58596,Petrol,110,1,0,1600,3,4,1045,499.89767284762013
11750,3,2000,58530,Petrol,110,0,0,1600,5,4,1075,581.912520340149
10950,2,2000,58377,Petrol,110,1,0,1600,3,4,1050,563.4715829139299
11250,1,2000,58142,Petrol,110,1,0,1600,5,4,1080,548.942154840114
9950,4,2000,57948,Petrol,97,1,0,1400,3,4,1025,451.5453452378482
9700,6,2000,57645,Petrol,110,0,0,1600,5,4,1080,448.75607942052875
11950,10,2000,57500,Petrol,110,1,0,1600,4,4,1105,551.927629529166
9900,4,2000,57475,Petrol,110,0,0,1600,3,4,1040,496.12812493454123
9990,2,2000,56743,Petrol,110,0,0,1600,3,4,1045,491.75688962602055
9475,9,2000,56675,Petrol,97,1,0,1400,3,4,1025,528.1173709182301
11500,3,2000,55877,Petrol,110,1,0,1600,5,4,1075,588.3080491432643
11950,4,2000,55500,Petrol,110,1,0,1600,4,4,1035,566.1751645159269
11500,2,2000,54900,Petrol,97,1,0,1400,5,4,1060,567.5790843186252
10500,7,2000,54465,Petrol,110,0,0,1600,5,4,1075,520.4582554959194
10900,11,2000,53700,Petrol,97,1,0,1400,5,4,1060,542.7110455336921
11700,5,2000,53561,Petrol,97,1,0,1400,5,4,1060,570.2306334176692
11900,6,2000,53408,Petrol,110,1,0,1600,5,4,1080,604.7183467067509
13950,6,2000,53268,Petrol,110,1,0,1600,5,4,1080,634.8100010861173
10950,8,2000,53116,Petrol,97,1,0,1400,3,4,1025,520.2129007685536
10500,1,2000,52448,Petrol,97,0,0,1400,3,4,1025,563.617367856518
10750,2,2000,52149,Petrol,97,1,0,1400,3,4,1085,538.3694098639903
11950,2,2000,52141,Petrol,110,1,0,1600,5,4,1070,601.711141611039
10000,1,2000,52000,Petrol,97,0,0,1400,3,4,1025,514.6077115113995
10495,9,2000,50967,Petrol,97,1,0,1400,5,4,1060,502.73665635159625
11450,7,2000,50400,Petrol,110,0,0,1600,5,4,1080,558.5499012580514
9400,3,2000,50000,Petrol,97,1,0,1400,3,4,1025,497.4852105588973
11950,6,2000,50000,Petrol,86,1,0,1300,5,4,1045,632.8482647336391
9650,4,2000,49969,Petrol,110,0,0,1600,5,4,1075,549.8353084997057
18950,8,2000,49568,Petrol,110,1,0,1600,3,4,1105,1011.9408347429754
11450,6,2000,49473,Petrol,110,0,0,1600,3,4,1055,606.9664991246361
10250,5,2000,49432,Petrol,110,1,0,1600,3,4,1050,502.9226050563065
11450,9,2000,49417,Petrol,110,1,0,1600,3,4,1045,552.9994525297028
9950,3,2000,49366,Petrol,97,1,0,1400,3,4,1025,520.699178348597
10500,1,2000,48731,Petrol,110,1,0,1600,3,4,1055,496.5898210451314
13750,3,2000,48370,Petrol,110,1,0,1600,5,4,1080,649.0169469743046
9950,9,2000,48071,Petrol,97,0,0,1400,3,4,1025,512.575194901885
10250,3,2000,47852,Petrol,110,1,0,1600,4,4,1030,531.2790317265021
10850,3,2000,47768,Petrol,110,0,0,1600,3,4,1055,557.8573744850315
11895,5,2000,47689,Petrol,110,0,0,1600,5,4,1075,587.9369081983166
12950,4,2000,47451,Petrol,110,1,0,1600,3,4,1055,607.1200859566655
11950,7,2000,47219,Petrol,110,1,0,1600,5,4,1080,566.7848062952909
10750,1,2000,47211,Petrol,110,1,0,1600,5,4,1070,565.613413562638
9550,3,2000,46856,Petrol,97,0,0,1400,5,4,1060,487.0901071376999
10950,1,2000,46500,Petrol,86,0,0,1300,5,4,1035,497.45978930608277
11750,5,2000,46449,Petrol,110,1,0,1600,4,4,1035,560.7501652033806
10950,10,2000,46391,Petrol,110,0,0,1600,5,4,1075,562.1551735051173
12450,3,2000,46230,Petrol,110,1,0,1600,3,4,1055,664.2864417647356
10500,5,2000,46029,Petrol,110,1,0,1600,4,4,1030,546.0583118890289
10900,7,2000,46000,Petrol,97,0,0,1400,3,4,1025,526.6478007656467
12950,7,2000,45900,Petrol,110,1,0,1600,5,4,1075,650.4288905895302
10950,10,2000,45850,Petrol,97,0,0,1400,5,4,1060,571.5285576181012
12500,1,2000,45336,Petrol,110,1,0,1600,5,4,1080,648.972121431222
9950,2,2000,44537,Petrol,97,0,0,1400,3,4,1025,524.6360224422583
10750,1,2000,43700,Petrol,86,1,0,1300,3,4,1025,523.3446843231
12500,9,2000,43120,Petrol,97,1,0,1400,3,4,1030,665.006938616727
10450,8,2000,41710,Petrol,110,0,0,1600,3,4,1040,506.33068192957865
10750,5,2000,41700,Petrol,97,1,0,1400,3,4,1025,563.8405790413736
12950,8,2000,41636,Petrol,110,1,0,1600,5,4,1105,627.8875254225879
10995,7,2000,41273,Petrol,97,0,0,1400,5,4,1060,542.5437736953767
11950,8,2000,40836,Petrol,110,0,1,1600,3,4,1075,629.8834297792471
11250,7,2000,40400,Petrol,97,1,0,1400,5,4,1060,541.6701870271573
11950,10,2000,40361,Petrol,110,1,0,1600,5,4,1090,580.2846778042675
13750,3,2000,40325,Petrol,86,0,0,1300,5,4,1045,677.3159891105557
11000,10,2000,40000,Petrol,110,0,0,1600,5,4,1080,543.8756575135789
13500,7,2000,39706,Petrol,110,1,0,1600,5,4,1080,697.2562979067949
10950,3,2000,39291,Petrol,110,1,0,1600,3,4,1040,565.4182034155199
10750,3,2000,39000,Petrol,97,0,0,1400,3,4,1025,521.6843866566526
8950,10,2000,38900,Petrol,97,1,0,1400,3,4,1025,450.22015806998945
12950,6,2000,38403,Petrol,110,0,0,1600,3,4,1055,678.1720411555715
9750,1,2000,37461,Petrol,97,0,0,1400,3,4,1025,471.41226194782894
10900,3,2000,37000,Petrol,97,1,0,1400,3,4,1025,580.9600741288472
10995,2,2000,36406,Petrol,110,1,0,1600,4,4,1035,534.3923310307282
10750,9,2000,36005,Petrol,97,1,0,1400,5,4,1065,552.740984691509
10950,5,2000,36000,Petrol,110,1,0,1600,5,4,1075,532.2405254715658
13000,8,2000,36000,Petrol,110,0,0,1600,5,4,1080,766.0684739025637
12950,12,2000,36000,Petrol,110,1,1,1600,3,4,1070,669.3121266958656
11500,5,2000,35823,Petrol,110,0,0,1600,5,4,1075,633.7124559927001
10950,1,2000,35230,Petrol,97,0,0,1400,3,4,1025,586.0040876396373
11710,9,2000,35142,Petrol,110,0,0,1600,3,4,1055,605.2176865886737
9980,8,2000,34890,Petrol,97,0,0,1400,3,4,1025,512.6451388509328
12250,6,2000,34882,Petrol,110,1,0,1600,5,4,1075,606.747885866961
11500,11,2000,34000,Petrol,110,1,0,1600,5,4,1075,597.6813217691456
11950,1,2000,33998,Petrol,110,0,0,1600,5,4,1080,568.2148243057069
11500,2,2000,33230,Petrol,110,0,0,1600,3,4,1050,545.1167871294122
11900,11,2000,33021,Petrol,110,1,0,1600,5,4,1080,641.7571961508961
11930,8,2000,31999,Petrol,97,0,0,1400,3,4,1030,589.0849943301616
10500,5,2000,31579,Petrol,97,0,0,1400,3,4,1025,536.7683548926217
8950,1,2000,31000,Petrol,97,0,0,1400,3,4,1025,443.79375912180404
10450,11,2000,30806,Petrol,97,1,0,1400,5,4,1060,534.9892367226565
10500,2,2000,30461,Petrol,86,1,0,1300,5,4,1050,554.9166126042247
12950,7,2000,29686,Petrol,110,1,1,1600,3,4,1075,674.5722457551781
9950,2,2000,29650,Petrol,86,0,0,1300,3,4,1025,462.448926080491
12900,5,2000,29500,Petrol,110,1,0,1600,3,4,1055,677.0329893530451
9950,9,2000,28656,Petrol,97,0,0,1400,3,4,1085,562.5562726232347
9950,2,2000,27500,Petrol,97,1,0,1400,3,4,1025,471.46105659770984
10950,9,2000,26938,Petrol,110,1,0,1600,3,4,1040,522.8257974340065
10950,4,2000,26624,Petrol,97,0,0,1400,5,4,1060,551.8831719634952
9950,10,2000,26221,Petrol,97,1,0,1400,3,4,1025,482.24381585140594
10950,7,2000,22648,Petrol,97,1,0,1400,5,4,1060,527.322652837486
10800,7,2000,22500,Petrol,97,1,0,1400,3,4,1025,536.264471227145
10500,1,2000,19313,Petrol,97,0,0,1400,3,4,1025,472.6082727202223
10450,7,2000,17619,Petrol,110,0,0,1600,4,4,1030,537.2040304230088
10600,6,2000,17069,Petrol,97,1,0,1400,3,4,1025,554.0576299414595
10450,9,2000,15000,Petrol,97,1,0,1400,3,4,1025,616.6350173743865
12950,7,2000,10210,Petrol,97,0,0,1400,5,4,1065,664.8595628712641
11250,10,2000,5309,Petrol,110,1,1,1600,3,4,1070,561.2613698304881
7500,7,2000,1,Diesel,90,1,0,2000,3,4,1260,424.6000355011137
8950,5,2000,31000,Petrol,97,0,0,1398,3,4,1025,487.1744249339065
6950,11,1999,205000,Diesel,72,1,0,2000,4,4,1100,344.2887397927341
7900,1,1999,204250,Diesel,72,0,0,2000,3,4,1115,403.65059462047765
5950,1,1999,194545,Petrol,86,0,0,1300,4,4,1000,288.35736862044575
7500,10,1999,190900,Diesel,72,1,0,2000,3,4,1115,386.45847922383274
7500,7,1999,183500,Diesel,72,1,0,2000,5,4,1140,346.6311281802403
6900,4,1999,176184,Diesel,72,1,0,2000,3,4,1115,322.44494206858917
5751,2,1999,174833,Diesel,72,0,0,2000,4,4,1100,335.05912143869097
6950,1,1999,155720,Petrol,86,1,0,1300,3,4,1015,353.1464787999044
7950,2,1999,155500,Petrol,110,1,0,1600,5,4,1050,414.9837872613078
7750,10,1999,154783,Diesel,72,1,0,2000,3,4,1120,332.65722952407225
7950,5,1999,154462,Diesel,72,1,0,2000,5,4,1135,355.53831347141164
8250,5,1999,150585,Petrol,110,1,0,1600,3,4,1065,390.8259407069042
6250,2,1999,149000,Diesel,90,1,0,2000,5,4,1135,292.6907964649846
9500,7,1999,147636,Diesel,72,0,0,2000,5,4,1135,445.6697180246918
6900,10,1999,144521,Diesel,72,1,0,2000,5,4,1135,312.37319322002435
8450,5,1999,144000,CNG,110,1,0,1600,3,4,1065,409.8041277254396
7350,4,1999,140168,Diesel,72,1,0,2000,3,4,1115,338.59779566425743
8950,1,1999,140000,Petrol,110,1,0,1600,5,4,1085,438.395761404817
6900,9,1999,139800,Diesel,72,0,0,2000,3,4,1115,350.89556144982254
8950,10,1999,137050,CNG,110,1,0,1600,3,4,1078,452.21300305763936
8750,8,1999,136956,Petrol,110,0,0,1600,3,4,1065,442.58950253959085
7950,2,1999,135337,CNG,110,1,0,1600,5,4,1120,416.9752379047725
8950,5,1999,133769,Diesel,72,1,0,2000,3,4,1120,479.8813346482684
8950,11,1999,133405,Diesel,72,1,0,2000,5,4,1135,434.90938446992794
8950,4,1999,132807,Diesel,72,1,0,2000,5,4,1135,460.72482988140285
7950,5,1999,132393,Diesel,72,0,0,2000,5,4,1135,348.9046846073903
7750,9,1999,130270,Petrol,110,0,0,1600,3,4,1050,325.62784855570357
7500,10,1999,130000,Diesel,72,1,0,2000,4,4,1135,397.5354870075579
8950,2,1999,127000,Diesel,72,1,0,2000,5,4,1135,418.19329836915784
9800,2,1999,126800,Diesel,72,0,0,2000,5,4,1135,465.58130248879036
9450,3,1999,126452,Petrol,110,1,0,1600,5,4,1085,501.6964887557791
8950,7,1999,125175,Diesel,116,0,0,2000,5,4,1150,454.8202667332133
8750,1,1999,125000,Diesel,72,1,0,2000,3,4,1115,394.1177484739783
10500,8,1999,123000,Diesel,72,0,0,2000,5,4,1135,536.869767926574
7995,10,1999,121626,Petrol,86,0,0,1300,5,4,1050,429.69031578490643
10450,5,1999,120400,Petrol,110,0,0,1600,5,4,1090,561.0626215538441
9950,3,1999,120000,Diesel,72,0,0,2000,4,4,1100,514.4055618444121
9950,1,1999,119541,Petrol,110,0,0,1600,3,4,1055,509.2959734498324
8950,1,1999,119500,Petrol,110,1,0,1600,5,4,1070,456.8365574734404
7950,1,1999,119289,Petrol,110,1,0,1600,4,4,1035,411.4561658499353
10950,12,1999,118833,Petrol,110,0,0,1600,3,4,1065,566.5530355078192
9950,5,1999,118000,Diesel,72,1,0,2000,5,4,1150,558.7800562600576
8600,1,1999,117955,Petrol,110,1,1,1600,4,4,1065,468.43250160272106
7250,4,1999,117609,Petrol,86,0,0,1300,3,4,1015,395.6398111208688
6950,1,1999,117000,Diesel,72,0,0,2000,3,4,1115,348.21022020789644
8000,5,1999,116000,Petrol,86,0,0,1300,5,4,1045,421.2577229983575
9950,11,1999,115715,Petrol,110,0,0,1600,5,4,1070,475.44142489158384
9450,9,1999,115191,CNG,110,1,0,1600,4,4,1079,444.74239981768
7950,1,1999,115071,Petrol,110,1,0,1600,3,4,1055,395.37687055587344
9450,6,1999,115000,CNG,110,0,0,1600,3,4,1109,466.4586753587943
9950,5,1999,114846,Petrol,110,1,0,1600,5,4,1075,452.4286940318294
6950,4,1999,114383,Diesel,90,0,0,2000,3,4,1260,369.409741962495
8250,10,1999,113700,Petrol,110,1,0,1600,5,4,1065,420.03938023653404
9950,2,1999,113118,Petrol,86,1,0,1300,3,4,1020,520.0251269655935
8250,10,1999,112827,Petrol,86,1,0,1300,5,4,1040,398.5614401095763
9950,1,1999,112116,Petrol,110,1,0,1600,5,4,1070,452.96571370899954
10500,3,1999,112000,Petrol,110,1,0,1600,3,4,1065,491.4691036514203
7950,7,1999,112000,Diesel,72,0,0,2000,4,4,1135,413.0663680323877
9750,4,1999,111769,Petrol,110,0,0,1600,3,4,1065,516.733289564408
9250,8,1999,110853,Petrol,110,1,0,1600,5,4,1070,517.7346689200912
9500,1,1999,110287,Petrol,110,1,0,1600,3,4,1050,481.888023795873
9950,7,1999,109547,Petrol,110,0,0,1600,5,4,1075,491.83567190916204
7750,6,1999,109230,Petrol,110,0,0,1600,3,4,1050,393.4516258010623
9500,1,1999,109150,Petrol,110,0,0,1600,5,4,1075,468.01350021594646
9950,2,1999,108793,Petrol,110,1,0,1600,4,4,1035,533.5384784592022
9750,5,1999,106784,Petrol,110,0,1,1600,3,4,1050,453.32710082484624
9750,11,1999,105942,Petrol,86,0,0,1300,5,4,1040,479.10976928887976
5950,10,1999,105000,Petrol,86,1,0,1300,3,4,1015,299.08403214077066
8500,7,1999,105000,Petrol,86,0,0,1300,5,4,1040,416.71804308122694
8495,1,1999,104299,Petrol,110,1,0,1600,5,4,1085,499.197747029465
9250,2,1999,104000,Petrol,86,0,0,1300,3,4,1020,461.37272544290886
6900,1,1999,104000,Petrol,86,1,0,1300,3,4,1015,344.68734553733174
8950,11,1999,103458,Petrol,86,1,0,1300,3,4,1025,444.95487484735804
9500,6,1999,103400,Petrol,110,1,0,1600,5,4,1075,456.80597175193213
9250,6,1999,102807,Petrol,86,0,0,1300,5,4,1055,493.71921364130316
9895,1,1999,102494,Petrol,110,0,0,1600,5,4,1090,460.83512340484356
9950,12,1999,102300,Diesel,72,1,0,2000,5,4,1135,496.1114787015332
7950,8,1999,102106,Petrol,110,0,0,1600,3,4,1050,363.0342154964878
8750,1,1999,101889,Petrol,110,1,0,1600,5,4,1075,432.8212884103801
8250,12,1999,101791,Diesel,72,0,0,2000,3,4,1115,431.7407770724268
8950,6,1999,101469,Petrol,110,1,0,1600,3,4,1065,477.0773934292338
8950,1,1999,101001,Petrol,110,0,0,1600,5,4,1075,421.6365519357443
8950,8,1999,100748,Petrol,110,0,0,1600,5,4,1070,456.9635213933683
8950,4,1999,100550,Petrol,110,1,0,1600,5,4,1075,446.3903658141615
9450,2,1999,99781,Petrol,110,1,0,1600,5,4,1085,432.96441469020516
8950,10,1999,98658,Petrol,86,1,0,1300,3,4,1020,478.38536430678175
9250,4,1999,98500,Petrol,110,1,0,1600,5,4,1075,470.8696373391683
8750,5,1999,98291,Petrol,86,0,0,1300,4,4,1000,494.68420589832164
9950,8,1999,97648,Petrol,110,1,0,1600,3,4,1065,443.760399523854
9950,8,1999,97425,Petrol,110,1,0,1600,5,4,1075,510.729506002687
9900,4,1999,97173,Petrol,86,0,0,1300,3,4,1015,474.3545942500304
8950,3,1999,97046,Petrol,86,1,0,1300,4,4,1000,443.2133950164773
8950,2,1999,96000,Petrol,110,1,0,1600,3,4,1050,468.8921669296227
12250,9,1999,96000,Diesel,72,0,0,2000,4,4,1100,629.8074382021244
9250,2,1999,95750,Petrol,110,1,0,1600,5,4,1070,478.03929848460484
10250,8,1999,95147,Petrol,110,1,0,1600,3,4,1050,533.1524842424631
8950,1,1999,95000,Petrol,110,0,0,1600,3,4,1050,465.9470324666101
7999,4,1999,95000,Petrol,110,1,0,1600,3,4,1050,385.5935441777798
9900,3,1999,94606,Petrol,110,0,0,1600,3,4,1065,499.7488682150991
8250,6,1999,94504,Petrol,86,1,0,1300,4,4,1000,437.2445476926003
10500,4,1999,93428,Petrol,110,1,0,1600,5,4,1075,550.5584880700262
8450,4,1999,93408,Petrol,86,0,0,1300,3,4,1015,434.9605116552816
9900,1,1999,93296,Petrol,110,1,0,1600,5,4,1090,517.8093461695155
10500,7,1999,93098,Petrol,110,1,0,1600,5,4,1075,534.9366617572067
8500,2,1999,92922,Diesel,72,1,0,2000,4,4,1100,469.33982661169665
9500,8,1999,92498,Petrol,110,1,0,1600,3,4,1050,488.04642259091725
9450,4,1999,92226,Petrol,110,0,0,1600,3,4,1065,509.4662201493962
9900,1,1999,91505,Diesel,72,0,0,2000,3,4,1115,501.409391605928
8250,5,1999,91333,Petrol,110,1,0,1600,3,4,1050,467.8285467533639
8750,4,1999,91246,Petrol,86,1,0,1300,3,4,1015,425.1971654136444
9500,11,1999,91000,Petrol,110,1,0,1600,5,4,1075,484.46217733540504
8450,1,1999,90727,Petrol,110,0,0,1600,3,4,1050,391.2196879172461
8490,7,1999,90000,Petrol,110,0,0,1600,3,4,1050,470.7304361277276
8750,9,1999,89576,Petrol,110,0,0,1600,4,4,1035,450.5330067897801
9750,5,1999,89145,Petrol,86,1,0,1300,3,4,1025,461.1410928726136
9950,6,1999,89000,Petrol,110,1,0,1600,5,4,1085,523.9103200188
8500,1,1999,88807,Petrol,110,0,0,1600,3,4,1050,427.66623866697
8450,6,1999,88685,Petrol,110,0,0,1600,5,4,1070,419.583654370966
7900,7,1999,88667,Petrol,110,1,0,1600,4,4,1040,365.6510264436647
8750,12,1999,88480,Petrol,110,1,0,1600,3,4,1050,456.8893768566295
7950,8,1999,88127,Petrol,86,0,0,1300,3,4,1015,345.7878132609812
6900,7,1999,88000,Petrol,86,0,0,1300,3,4,1020,320.51295096569527
8150,4,1999,87821,Petrol,86,1,0,1300,3,4,1015,390.1760856940414
10995,10,1999,87654,Petrol,86,1,1,1300,5,4,1065,578.967424327769
8900,10,1999,86888,Petrol,110,1,0,1600,3,4,1050,453.73433755151103
9500,10,1999,86871,Petrol,86,1,0,1300,5,4,1040,496.3853931125602
8950,1,1999,86714,Petrol,110,1,0,1600,4,4,1035,438.8651610896342
11500,4,1999,85889,Petrol,110,0,0,1600,3,4,1065,565.9165710232994
10450,7,1999,85000,Petrol,110,1,0,1600,3,4,1050,438.3557184551066
10500,9,1999,85000,Petrol,86,1,0,1300,3,4,1025,521.903070181982
9250,1,1999,84976,Petrol,110,1,0,1600,4,4,1035,502.05762024394477
10950,4,1999,84558,Petrol,110,1,0,1600,5,4,1120,531.4049704782108
10450,7,1999,84549,Petrol,110,0,0,1600,5,4,1075,531.2304998955235
9250,1,1999,84482,Petrol,110,1,0,1600,5,4,1075,495.2915823998015
8750,7,1999,83908,Petrol,110,1,0,1600,5,4,1070,437.8209057248581
8750,2,1999,83560,Petrol,86,0,0,1300,3,4,1015,454.0940740366855
9800,1,1999,83000,Petrol,107,1,1,1600,5,4,1100,507.97039620168374
8250,5,1999,82723,Petrol,86,0,0,1300,3,4,1015,371.22678882947116
10450,7,1999,82421,Petrol,110,1,0,1600,3,4,1065,535.9116761570045
9750,11,1999,82254,Petrol,110,0,0,1600,5,4,1050,476.4907793143143
8950,8,1999,82115,Petrol,110,1,0,1600,3,4,1055,444.7533410687177
7450,4,1999,82000,Petrol,86,1,0,1300,3,4,1015,352.81388577343273
8450,1,1999,81965,Petrol,86,1,0,1300,5,4,1035,400.53673145689345
8250,3,1999,81250,Petrol,110,0,0,1600,3,4,1050,421.36010114323045
10950,4,1999,81192,Petrol,110,1,0,1600,3,4,1065,548.2910597654882
8950,8,1999,81170,Petrol,110,1,0,1600,4,4,1040,423.48659761016415
8750,3,1999,81083,Petrol,86,0,0,1300,3,4,1015,436.6022376976689
10450,8,1999,80714,Petrol,110,1,0,1600,5,4,1075,557.2817843415633
10950,12,1999,80470,Petrol,110,0,0,1600,5,4,1085,554.8810584606991
8450,4,1999,80439,Petrol,110,1,0,1600,4,4,1035,405.887605854439
9950,10,1999,80430,Petrol,110,1,0,1600,3,4,1065,474.4408386675452
9950,1,1999,80426,Petrol,110,1,0,1600,3,4,1055,513.5977003322183
8750,7,1999,80265,Petrol,86,0,0,1300,3,4,1015,427.55688134822367
9950,4,1999,80153,Petrol,110,0,0,1600,5,4,1070,451.39244732656886
9500,1,1999,80121,Petrol,110,0,0,1600,5,4,1070,511.19185190329574
8250,4,1999,80086,Petrol,110,1,0,1600,4,4,1035,445.1584244165358
10950,7,1999,80000,Petrol,110,0,0,1600,5,4,1075,501.45404654478966
7950,9,1999,80000,Petrol,86,0,0,1300,5,4,1015,434.37687254411463
8250,4,1999,80000,Petrol,86,1,0,1300,2,4,1015,382.84151188727907
9895,2,1999,79858,Petrol,110,1,0,1600,4,4,1040,513.9687680638881
9130,2,1999,79762,Petrol,86,1,0,1300,3,4,1015,431.157674145592
10950,10,1999,79660,Petrol,86,0,1,1300,5,4,1065,582.1083902252616
10500,9,1999,79150,Petrol,110,1,0,1600,5,4,1075,589.5822551049102
8900,8,1999,79000,Petrol,110,1,0,1600,3,4,1050,400.7651134684485
9500,12,1999,78955,Petrol,86,1,0,1300,5,4,1045,534.3192552924334
10950,10,1999,78750,Diesel,90,1,0,1975,5,4,1155,547.2038821341488
7950,1,1999,78521,Petrol,86,0,0,1300,3,4,1015,410.53812281266664
7950,5,1999,78356,Petrol,86,1,0,1300,3,4,1015,396.32486716213407
7950,4,1999,78076,Petrol,86,1,0,1300,3,4,1015,361.1656041721095
9500,8,1999,78063,Petrol,107,1,1,1600,5,4,1100,462.1091596313864
10950,2,1999,77821,Petrol,110,1,0,1600,5,4,1075,528.8101836400028
9750,1,1999,77695,Petrol,110,1,0,1600,4,4,1035,452.15834993381264
9750,4,1999,77500,Petrol,110,1,0,1600,3,4,1050,480.2448120082555
9450,6,1999,77457,Petrol,110,1,0,1600,3,4,1055,524.7526029887599
8950,1,1999,77029,Petrol,86,1,0,1300,3,4,1015,433.83551292579034
8950,1,1999,77008,Petrol,86,1,0,1300,3,4,1015,427.01742782526566
8900,3,1999,76791,Petrol,110,1,0,1600,5,4,1070,511.9906858716596
9950,8,1999,76700,Petrol,86,1,0,1300,5,4,1035,480.76356002690426
8750,2,1999,76569,Petrol,86,1,0,1300,3,4,1020,372.55364109589345
8950,10,1999,76162,Petrol,110,1,0,1600,5,4,1075,434.66882172301484
8990,4,1999,76155,Petrol,110,1,0,1600,4,4,1035,417.472919113451
8950,8,1999,75609,Petrol,86,1,0,1300,3,4,1015,445.9578593360266
8950,7,1999,75569,Diesel,72,1,0,2000,3,4,1120,464.7442564819638
9950,2,1999,75429,Petrol,110,1,0,1600,3,4,1065,478.8271714795864
9900,1,1999,75000,Petrol,110,1,0,1600,5,4,1075,439.8223379946345
8950,4,1999,75000,Petrol,86,0,0,1300,3,4,1015,462.3178959901441
8950,7,1999,75000,Petrol,110,1,0,1600,5,4,1070,430.64753923322525
9500,3,1999,74963,Petrol,107,0,1,1600,3,4,1085,431.6288569106058
7950,1,1999,74889,Petrol,86,1,0,1300,3,4,1015,380.51553317196567
7750,1,1999,74875,Petrol,110,0,0,1600,5,4,1070,417.9885410069391
8950,6,1999,74747,Petrol,110,1,0,1600,5,4,1075,406.7689721469151
11950,9,1999,74720,Petrol,110,1,0,1600,5,4,1085,652.8338971012474
8950,7,1999,74457,Petrol,110,0,0,1600,5,4,1075,483.7047669244313
11950,9,1999,74337,Petrol,86,0,0,1300,5,4,1035,590.1237037972896
8950,1,1999,74308,Petrol,110,0,0,1600,3,4,1050,481.3106658652355
9950,5,1999,74193,Petrol,110,0,0,1600,3,4,1050,507.36066376124467
8250,4,1999,74179,Petrol,110,1,0,1600,3,4,1050,439.92466844246087
8995,2,1999,73936,Petrol,86,1,0,1300,5,4,1050,478.2407710367531
9995,8,1999,73894,Petrol,110,1,0,1600,3,4,1065,508.9627866860145
9250,5,1999,73500,Petrol,110,1,0,1600,3,4,1050,418.49088704410707
10950,5,1999,73376,Petrol,110,0,0,1600,5,4,1070,553.355864077118
8900,5,1999,73300,Petrol,86,1,0,1300,3,4,1015,415.2849416915934
9500,11,1999,73172,Petrol,110,1,0,1600,5,4,1075,493.99446827940875
9950,11,1999,72928,Petrol,110,1,0,1600,5,4,1075,504.65196838138985
7950,2,1999,72880,Petrol,86,1,0,1332,3,4,1015,380.7990623923069
8250,6,1999,72522,Petrol,110,1,0,1600,3,4,1050,438.1533250767686
9450,5,1999,72000,Petrol,86,1,0,1300,3,4,1015,425.914382673305
7950,12,1999,72000,Petrol,86,0,0,1300,3,4,1015,391.1559726256543
9500,10,1999,71366,Petrol,110,0,0,1600,3,4,1065,558.1719224207786
8950,4,1999,71317,Petrol,110,0,0,1600,3,4,1050,435.44231150937026
10950,7,1999,71000,Petrol,110,0,0,1600,5,4,1070,501.0940174339902
8950,9,1999,70954,Petrol,110,0,0,1600,3,4,1050,510.47714629503645
9450,6,1999,70908,Petrol,86,0,0,1300,5,4,1035,415.55177924484855
8000,11,1999,70560,Petrol,110,1,0,1600,3,4,1050,361.6367534105554
9900,2,1999,70552,Petrol,110,0,0,1600,5,4,1075,519.1308426304114
8950,7,1999,70500,Petrol,110,1,0,1600,5,4,1035,416.4120797917622
10900,9,1999,70453,Diesel,72,0,0,2000,5,4,1135,557.924220945462
9450,10,1999,70218,Petrol,110,1,0,1600,3,4,1050,474.6346322241068
8450,5,1999,70116,Petrol,110,1,0,1600,4,4,1035,460.1604162627541
9500,4,1999,70068,Petrol,110,1,0,1600,5,4,1075,419.73927546089095
10500,2,1999,70000,Petrol,107,1,1,1587,3,4,1065,504.8855104753765
6950,1,1999,70000,Petrol,86,1,0,1300,3,4,1015,360.72818674185976
9750,1,1999,69103,Petrol,110,0,0,1600,4,4,1035,483.09987428554973
6950,11,1999,69022,Petrol,86,1,0,1300,5,4,1035,337.63890377592054
9650,2,1999,69000,Petrol,110,1,0,1600,3,4,1065,520.7026737582664
9950,1,1999,68865,Petrol,110,1,0,1600,3,4,1065,489.2551923286397
9250,11,1999,68723,Petrol,86,0,0,1300,3,4,1025,452.4308001840312
8950,6,1999,68453,Petrol,110,1,0,1600,5,4,1070,424.6520580974447
9900,6,1999,68238,Petrol,86,0,0,1300,5,4,1050,502.0870702483515
10995,6,1999,68153,Petrol,110,1,0,1600,5,4,1085,588.7736509145859
10500,4,1999,68000,Petrol,110,0,0,1600,5,4,1075,476.51194447929083
8950,4,1999,68000,Petrol,86,1,0,1300,3,4,1015,407.39747945978456
9750,2,1999,67762,Petrol,110,1,0,1600,3,4,1065,503.6583189613926
10950,1,1999,67146,Petrol,110,1,0,1600,5,4,1075,550.6347800925474
9750,2,1999,67110,Petrol,86,1,0,1300,5,4,1035,491.78122853818064
9950,10,1999,67010,Petrol,110,1,0,1600,3,4,1065,469.5178418569261
10500,4,1999,67003,Petrol,110,1,0,1600,4,4,1035,518.5753762336639
10400,1,1999,66785,Petrol,86,0,1,1300,3,4,1045,502.4805079581533
8800,1,1999,66550,Petrol,86,0,0,1332,3,4,1010,422.579519940082
10500,8,1999,66259,Petrol,110,1,0,1600,3,4,1065,543.437163451492
9250,7,1999,66082,Petrol,110,0,0,1600,5,4,1070,498.65817738185655
7800,4,1999,66000,Petrol,86,1,0,1300,3,4,1015,381.5705574972864
9950,8,1999,66000,Petrol,110,0,0,1600,3,4,1050,487.4656863714595
10750,6,1999,65896,Petrol,110,1,0,1600,3,4,1065,606.5171140011244
10950,2,1999,65785,Petrol,110,1,0,1600,5,4,1075,570.0932386560651
9950,4,1999,65513,Petrol,110,1,1,1600,4,4,1070,513.3381370155867
9950,10,1999,65463,Petrol,110,1,0,1600,5,4,1070,472.06786634481796
8100,1,1999,65400,Petrol,86,1,0,1300,4,4,1000,462.8539766347157
9250,9,1999,65259,Petrol,110,1,0,1600,3,4,1050,470.2949889286085
7800,5,1999,65000,Petrol,110,1,0,1600,3,4,1050,382.33864269043687
9000,1,1999,65000,Petrol,110,0,0,1600,5,4,1070,432.3956234460726
8950,12,1999,65000,Petrol,110,0,0,1600,4,4,1035,464.6366119869178
8950,7,1999,64966,Petrol,86,0,0,1300,3,4,1020,419.442870426141
9950,1,1999,64950,Petrol,110,1,0,1600,5,4,1075,496.8084960174446
8500,9,1999,64914,Petrol,110,1,0,1600,5,4,1070,406.19279595762424
7995,7,1999,64797,Petrol,110,1,0,1600,5,4,1075,378.6940730111323
8750,4,1999,64772,Petrol,110,1,0,1600,3,4,1050,444.6935834720394
9750,6,1999,64690,Petrol,86,0,0,1300,3,4,1020,503.8427881855156
10950,4,1999,64630,Petrol,110,0,0,1600,5,4,1070,576.8894418278762
9750,2,1999,64613,Petrol,110,1,0,1600,5,4,1085,456.1145556385504
8200,9,1999,64383,Petrol,86,0,0,1300,3,4,1015,373.1769877335411
8950,1,1999,64000,Petrol,110,0,0,1600,5,4,1075,375.0945284723965
9500,3,1999,63881,Petrol,86,0,0,1300,3,4,1015,497.74426881807295
10950,11,1999,63870,Diesel,72,0,0,2000,5,4,1135,532.5176752030251
9750,3,1999,63328,Petrol,86,0,1,1300,5,4,1065,506.07410884918824
9950,4,1999,63000,Petrol,86,1,1,1300,5,4,1065,503.2262706012401
10450,8,1999,63000,Petrol,86,0,1,1300,3,4,1050,541.2562189057685
9850,4,1999,62396,Petrol,110,0,0,1600,3,4,1050,497.85139678326294
9450,7,1999,62377,Petrol,110,1,0,1600,5,4,1075,507.92769023130865
10295,2,1999,62316,Petrol,110,1,0,1600,3,4,1050,502.8802491607074
9750,1,1999,62292,Petrol,110,1,0,1600,3,4,1065,500.804463964074
8950,4,1999,62225,Petrol,110,1,0,1600,3,4,1050,481.1681449428919
9900,1,1999,62222,Petrol,110,0,0,1600,5,4,1075,562.9301262055089
8750,3,1999,62135,Petrol,86,1,0,1300,5,4,1035,413.37925679405765
9950,11,1999,62024,Petrol,110,1,0,1600,5,4,1075,537.420939326685
8500,9,1999,61977,Petrol,86,1,0,1300,3,4,1015,420.1758453415631
9950,7,1999,61930,Petrol,110,1,0,1600,4,4,1035,498.9058137075667
10950,12,1999,61682,Petrol,110,0,0,1600,3,4,1050,552.5373160144535
9795,1,1999,61568,Petrol,110,1,0,1600,4,4,1035,521.0989023248546
8750,1,1999,61504,Petrol,110,1,0,1600,4,4,1035,491.34270088453064
8250,4,1999,61384,Petrol,110,1,0,1600,3,4,1050,428.6701046621509
9950,11,1999,61343,Petrol,110,1,0,1600,5,4,1075,488.5775852581759
9950,7,1999,61254,Petrol,110,0,0,1600,5,4,1075,499.40077782173273
10500,10,1999,61166,Petrol,110,1,0,1600,3,4,1050,488.2024515114825
9750,7,1999,61149,Petrol,86,1,0,1300,5,4,1040,503.1893955479068
11250,8,1999,61144,Petrol,110,1,0,1600,5,4,1090,511.70774597095186
8900,10,1999,61127,Petrol,110,1,0,1600,3,4,1050,411.7767871807354
7950,9,1999,61100,Petrol,86,1,0,1300,3,4,1015,337.4293052068607
11500,1,1999,61100,Petrol,110,1,0,1600,5,4,1075,562.3449575597508
9450,12,1999,61000,Petrol,110,1,0,1600,3,4,1050,413.4673739069911
7995,4,1999,60724,Petrol,86,1,0,1300,3,4,1015,380.37022114143167
10995,10,1999,60708,Petrol,86,1,0,1300,5,4,1045,514.1313643521864
8950,8,1999,60532,Petrol,110,1,0,1600,3,4,1050,450.78645861797787
8250,2,1999,60000,Petrol,86,0,1,1300,4,4,1030,423.62434560199125
8950,3,1999,60000,Petrol,86,1,0,1300,3,4,1015,470.28889752121245
8950,4,1999,60000,Petrol,86,1,0,1300,3,4,1015,436.90096460429487
9500,7,1999,59295,Petrol,86,0,0,1300,5,4,1035,411.6271732835711
7500,4,1999,59264,Petrol,86,0,0,1300,3,4,1015,386.0090738141911
8950,6,1999,59000,Petrol,110,0,0,1600,3,4,1050,451.02124414618055
9950,6,1999,59000,Petrol,86,1,0,1300,5,4,1035,449.0856078836887
9750,4,1999,59000,Petrol,110,0,0,1600,5,4,1075,479.4858124006335
9450,8,1999,59000,Petrol,110,1,0,1600,5,4,1070,455.5967877413284
9950,4,1999,59000,Petrol,110,0,0,1600,3,4,1050,531.2052959910903
9750,1,1999,58860,Petrol,110,1,0,1600,3,4,1055,492.15319927973593
8950,4,1999,58829,Petrol,110,0,0,1600,3,4,1050,464.2146023260767
8250,3,1999,58654,Petrol,110,1,0,1600,5,4,1070,484.2210343280269
7750,4,1999,58300,Petrol,86,1,0,1300,3,4,1015,387.1603384694952
8950,9,1999,58269,Petrol,110,1,0,1600,3,4,1050,464.86921983082595
9950,5,1999,58136,Petrol,110,1,0,1600,5,4,1075,516.0605394110727
9450,3,1999,58113,Petrol,107,1,1,1600,3,4,1085,486.9310054289817
12950,2,1999,58058,Petrol,110,1,0,1600,3,4,1065,667.4918193778997
9950,11,1999,58000,Petrol,110,1,0,1600,3,4,1050,454.26294593930794
10495,7,1999,58000,Petrol,110,1,0,1600,3,4,1065,572.7667156486731
7950,1,1999,57565,Petrol,86,1,0,1300,5,4,1035,439.5400596775954
10500,6,1999,57413,Petrol,107,0,1,1600,5,4,1115,509.3824900971041
8950,4,1999,57374,Petrol,110,1,0,1600,5,4,1075,386.24498034862194
9900,7,1999,57179,Petrol,110,1,0,1600,5,4,1075,498.14708860488713
9995,8,1999,57169,Petrol,110,1,0,1600,3,4,1065,487.82077365720846
9950,6,1999,57124,Petrol,110,1,0,1600,3,4,1065,526.4803075992955
9950,6,1999,57000,Petrol,110,1,0,1600,3,4,1050,515.7518943828053
8250,2,1999,57000,Petrol,110,0,0,1600,3,4,1050,356.3199133997474
9950,6,1999,57000,Petrol,86,1,0,1300,5,4,1035,485.55863563530943
8950,10,1999,56259,Petrol,86,0,0,1300,3,4,1015,411.91922012155663
10950,7,1999,56209,Petrol,107,1,1,1600,3,4,1080,556.8576329964648
9250,2,1999,56074,Petrol,86,0,0,1300,4,4,1000,415.8743749556369
9950,6,1999,55942,Petrol,110,1,0,1600,5,4,1070,484.35868637030904
9995,12,1999,55844,Petrol,86,1,0,1300,5,4,1045,535.9583333693731
8750,8,1999,55747,Petrol,86,0,0,1300,3,4,1020,414.4653920711375
10950,11,1999,55478,Petrol,86,0,0,1300,5,4,1045,525.7685671886017
10350,9,1999,55085,Petrol,107,0,1,1600,5,4,1105,505.59247038321024
9950,4,1999,55061,Petrol,110,1,0,1600,5,4,1070,503.63555501008994
8950,4,1999,55000,Petrol,86,1,0,1300,3,4,1015,434.45125841839945
10950,12,1999,55000,Petrol,110,0,0,1600,5,4,1075,518.9739448291817
10950,6,1999,54936,Petrol,110,1,0,1600,5,4,1075,555.9916781996881
8950,1,1999,54875,Petrol,110,1,0,1600,5,4,1070,410.91077604158556
8900,2,1999,54847,Petrol,110,0,0,1600,3,4,1050,418.8520274542232
10250,9,1999,54554,Petrol,110,1,0,1600,3,4,1065,506.85003147474794
9450,8,1999,54125,Petrol,110,1,0,1600,5,4,1035,443.3622195445736
9250,8,1999,54000,Petrol,110,1,0,1600,3,4,1055,509.0819570787986
10500,12,1999,54000,Petrol,110,1,0,1600,5,4,1075,518.3627620498065
7350,11,1999,54000,Petrol,86,0,0,1300,5,4,1035,380.1666017882091
10250,12,1999,54000,Petrol,110,1,0,1600,3,4,1135,460.4346517539852
10250,7,1999,53285,Petrol,110,1,0,1600,5,4,1075,503.5276197541343
11500,4,1999,53053,Petrol,110,1,0,1600,5,4,1075,535.7514072552648
8950,1,1999,53000,Petrol,110,1,1,1587,3,4,1075,435.75559148831036
7750,1,1999,53000,Petrol,86,0,0,1300,3,4,1015,366.4202455844277
9500,5,1999,52968,Petrol,110,1,0,1600,3,4,1050,478.37896615271956
8450,2,1999,52800,Petrol,86,1,0,1300,3,4,1015,408.94937082334513
8950,12,1999,52548,Petrol,110,0,0,1600,3,4,1050,474.083982444253
8400,9,1999,52487,Petrol,110,1,0,1600,4,4,1035,422.59232759029095
9250,3,1999,52383,Petrol,86,0,0,1300,3,4,1015,477.0467758352288
8900,8,1999,52112,Petrol,110,1,0,1600,4,4,1035,445.95029505659187
8750,11,1999,51712,Petrol,110,0,0,1600,3,4,1050,399.96529016058776
10950,11,1999,51421,Petrol,110,0,1,1600,5,4,1105,549.7316461747694
8950,8,1999,51235,Petrol,86,1,0,1300,4,4,1000,417.8660034845111
8950,4,1999,51000,Petrol,86,1,0,1300,3,4,1015,485.04136778965665
8895,8,1999,50925,Petrol,110,1,0,1600,5,4,1070,417.26416328205454
9390,3,1999,50806,Petrol,86,0,0,1300,3,4,1480,417.53147095278024
8750,10,1999,50469,Petrol,110,1,0,1600,5,4,1070,447.3925650034039
9750,8,1999,50173,Petrol,110,1,0,1600,5,4,1075,521.0125028898815
9950,7,1999,50000,Petrol,110,1,0,1600,5,4,1075,462.1129203049568
10950,4,1999,49942,Petrol,110,0,0,1600,3,4,1065,518.7677654047361
9900,2,1999,49585,Petrol,110,0,0,1600,5,4,1085,492.1002042892356
9500,7,1999,49258,Petrol,110,1,0,1600,4,4,1035,510.37803854975624
9950,8,1999,49000,Petrol,110,0,0,1600,3,4,1050,452.8613549183429
9950,6,1999,48738,Petrol,110,0,0,1600,5,4,1055,546.2062034966177
10500,7,1999,47750,Petrol,86,1,0,1300,5,4,1040,558.5690437413984
9950,6,1999,47612,Petrol,86,0,0,1300,3,4,1015,514.9704999496045
10495,1,1999,47500,Petrol,86,1,0,1300,5,4,1035,536.3542630182077
9500,3,1999,47237,Petrol,110,0,0,1600,3,4,1050,501.24507840147163
8500,11,1999,47171,Petrol,86,1,0,1300,3,4,1015,423.286667523357
10450,9,1999,47060,Petrol,110,0,0,1600,4,4,1035,542.5138034818225
8950,4,1999,47014,Petrol,86,1,0,1300,3,4,1015,465.935574573508
9900,10,1999,46929,Petrol,86,1,0,1300,3,4,1025,482.70982422573684
8900,6,1999,46000,Petrol,86,0,0,1300,5,4,1035,443.2085826962845
8745,4,1999,45681,Petrol,110,0,0,1600,3,4,1050,358.8279560751554
8750,4,1999,45549,Petrol,86,1,0,1300,3,4,1015,370.4071373857419
10750,12,1999,45000,Petrol,110,1,0,1600,5,4,1050,522.4416753848187
9750,12,1999,45000,Petrol,110,1,0,1600,3,4,1050,484.46454327968206
8850,4,1999,45000,Petrol,110,0,0,1600,5,4,1075,434.62299176068075
7950,3,1999,45000,Petrol,86,1,0,1300,5,4,1035,381.4079642001482
9450,6,1999,45000,Petrol,110,1,0,1600,4,4,1035,441.80682129653553
9950,8,1999,45000,Petrol,107,0,1,1600,3,4,1085,529.7832421580806
8250,6,1999,44944,Petrol,110,1,0,1600,4,4,1035,384.1784172639586
9950,8,1999,44597,Petrol,86,0,0,1300,3,4,1015,480.16978825469175
9995,1,1999,44458,Petrol,86,0,0,1300,3,4,1015,587.8323013513224
9950,10,1999,43818,Petrol,110,0,0,1600,5,4,1070,493.88116826871715
10495,9,1999,43426,Petrol,110,1,0,1600,5,4,1070,549.2945215628704
7950,11,1999,43000,CNG,110,1,1,1600,4,4,1114,364.6415115469761
8950,1,1999,43000,Petrol,110,1,0,1600,5,4,1035,444.16761764220337
9695,12,1999,43000,Petrol,110,0,0,1600,5,4,1075,504.811061232675
7750,5,1999,43000,Petrol,86,0,0,1300,3,4,1015,367.65406598090084
9950,1,1999,42750,Petrol,110,1,0,1600,3,4,1050,534.5191198324562
9950,2,1999,42102,Petrol,110,1,0,1600,5,4,1075,521.8058519294136
9950,6,1999,41586,Petrol,110,1,0,1600,5,4,1114,493.5285384940439
9900,5,1999,41200,Petrol,110,0,0,1600,5,4,1070,482.96267380024284
10950,12,1999,40214,Petrol,86,0,0,1300,3,4,1025,561.402418596875
8950,9,1999,40000,Petrol,86,1,0,1300,4,4,1000,465.5906606917355
8950,3,1999,39222,Petrol,86,1,1,1300,3,4,1045,445.1292314516633
8250,3,1999,39144,Petrol,110,1,0,1600,3,4,1050,468.68624194783933
10250,7,1999,39000,Petrol,110,1,0,1600,5,4,1075,526.6070308968906
8750,8,1999,38019,Petrol,110,1,0,1600,5,4,1070,396.7299837917516
9750,1,1999,37759,Petrol,110,1,0,1600,5,4,1070,535.8220627217238
10950,8,1999,37500,Petrol,110,0,0,1600,5,4,1085,548.4247375205337
10950,9,1999,37111,Petrol,110,1,0,1600,3,4,1050,538.2894382088308
9750,7,1999,37000,Petrol,86,0,0,1300,3,4,1015,536.7583499675399
8900,10,1999,36954,Petrol,110,1,0,1600,3,4,1050,504.98638941251266
9500,9,1999,36943,Petrol,110,0,0,1600,5,4,1070,426.81803368715333
9950,6,1999,36923,Petrol,86,0,0,1300,5,4,1050,500.75867176327296
9950,3,1999,36658,Petrol,110,0,0,1600,3,4,1050,561.5728872709255
8250,4,1999,36000,Petrol,86,1,0,1300,3,4,1015,447.54256153478536
10450,4,1999,36000,Petrol,110,1,0,1600,3,4,1065,470.97687930475524
10950,7,1999,35512,Petrol,110,1,0,1600,3,4,1065,520.087263729611
9250,4,1999,35283,Petrol,86,1,0,1300,3,4,1015,499.11268691568523
8900,1,1999,35000,Petrol,110,1,0,1600,3,4,1050,471.14162603914883
10900,12,1999,35000,Petrol,86,1,0,1300,5,4,1045,566.6919387384294
9750,5,1999,34114,Petrol,110,0,0,1600,3,4,1050,480.77736284757526
11950,11,1999,34000,Petrol,110,0,0,1600,5,4,1075,598.7402687320013
7900,1,1999,33847,Petrol,86,1,0,1300,4,4,1000,343.6981814690166
10900,12,1999,33535,Petrol,110,0,0,1600,4,4,1035,544.6295275807296
10450,4,1999,33000,Petrol,110,0,0,1600,3,4,1050,516.9329200556006
10950,10,1999,32150,Petrol,110,1,0,1600,5,4,1085,594.469575850973
9950,4,1999,31588,Petrol,86,1,0,1300,3,4,1015,462.5265678331305
10750,9,1999,31480,Petrol,110,1,0,1600,3,4,1065,507.5981663239847
9900,12,1999,31307,Petrol,110,1,0,1600,5,4,1070,502.02969170765954
10750,1,1999,31000,Petrol,110,1,0,1600,4,4,1035,544.7537155742934
10450,11,1999,30634,Petrol,110,1,0,1600,5,4,1075,507.8344375467623
9450,1,1999,30300,Petrol,86,1,0,1300,4,4,1000,478.55351749196865
10750,9,1999,28500,Petrol,86,1,1,1300,3,4,1045,571.067495101428
10950,9,1999,28500,Petrol,110,0,0,1600,5,4,1075,505.4442994819627
10000,12,1999,28000,Petrol,86,0,0,1300,3,4,1015,499.51455093769
10500,1,1999,26698,Petrol,110,0,0,1600,3,4,1055,450.7704321998694
12500,7,1999,26000,Petrol,107,0,1,1600,3,4,1085,643.7176552728479
8950,7,1999,25505,Petrol,86,1,0,1300,5,4,1035,440.1544535313743
10500,11,1999,25000,Petrol,110,1,0,1600,5,4,1075,536.2696757416281
9245,3,1999,22835,Petrol,110,1,0,1600,3,4,1050,484.04835129373924
10950,10,1999,22705,Petrol,110,1,0,1600,5,4,1075,489.45795009235167
9500,6,1999,22178,Petrol,86,1,0,1300,3,4,1015,494.6322533894118
10900,7,1999,17345,Petrol,110,1,0,1600,3,4,1050,509.4881102789443
10950,2,1999,15535,Petrol,86,1,1,1300,4,4,1030,588.6157657131284
9450,3,1999,15110,Petrol,86,0,0,1300,5,4,1035,452.4120243715978
5900,8,1998,232940,Diesel,72,0,0,2000,5,4,1172,259.61017168458494
6950,2,1998,218118,Diesel,72,0,0,2000,5,4,1150,302.67312074247167
6000,3,1998,217764,Diesel,72,1,0,2000,5,4,1135,312.0812214041281
5250,2,1998,207114,CNG,110,1,0,1600,5,4,1114,294.6023035950724
4400,7,1998,203254,Diesel,72,1,0,2000,3,4,1135,223.45105104639575
6750,4,1998,200732,Diesel,72,1,0,2000,4,4,1100,355.817950497091
8500,12,1998,197501,Diesel,72,0,0,2000,5,4,1135,378.37037318871097
6150,1,1998,194765,Diesel,72,0,0,2000,3,4,1120,283.174068134774
6950,5,1998,191620,Diesel,72,0,0,2000,5,4,1150,326.01889769752233
5750,5,1998,183277,Diesel,72,0,0,2000,3,4,1115,224.13880450710036
8750,3,1998,180378,Diesel,72,1,0,2000,4,4,1100,448.9186034542326
6500,11,1998,178800,Diesel,72,0,0,2000,3,4,1115,281.6482358975369
5950,8,1998,176177,Petrol,110,1,0,1600,5,4,1075,281.1649973268607
6500,3,1998,176000,Petrol,86,0,0,1300,5,4,1035,278.5831970152637
10500,4,1998,172980,Diesel,72,1,0,2000,5,4,1135,528.3199249474678
8500,4,1998,170000,Diesel,72,0,0,2000,4,4,1100,390.93112914661253
7950,10,1998,164000,Petrol,110,1,0,1600,3,4,1050,367.3748357043448
5800,3,1998,161775,Petrol,86,1,0,1300,3,4,1015,333.94676925548913
6750,1,1998,160000,Petrol,86,0,0,1300,3,4,1015,303.80248111812614
6950,3,1998,159968,Diesel,72,0,0,2000,3,4,1115,328.1269330096649
5740,7,1998,159908,Petrol,110,0,0,1600,3,4,1050,275.65070078625445
6550,8,1998,158492,Petrol,86,0,0,1300,3,4,1015,357.3748733349407
8950,12,1998,156204,Diesel,72,1,0,2000,3,4,1115,449.6050089590866
6750,8,1998,156169,Petrol,86,1,0,1300,5,4,1035,375.35250998728213
7950,3,1998,155210,Petrol,110,0,0,1600,3,4,1050,412.00752840884667
7950,12,1998,155000,Diesel,72,0,0,2000,3,4,1115,334.1621455476434
7450,5,1998,154900,Diesel,72,1,0,2000,5,4,1140,374.58163065366637
7750,11,1998,151300,Diesel,72,1,0,2000,5,4,1150,343.26128197782714
6450,10,1998,151000,CNG,110,1,0,1600,5,4,1094,303.0066128717063
7900,6,1998,150000,Diesel,72,1,0,2000,3,4,1135,401.59126316718783
6900,12,1998,146304,Diesel,72,1,0,2000,3,4,1115,363.77349568974273
5600,6,1998,146197,Petrol,86,0,0,1300,3,4,1015,242.02086792845944
5950,4,1998,145996,Petrol,110,0,0,1600,4,4,1035,320.76079350102475
6950,1,1998,143560,Petrol,86,1,1,1300,3,4,1045,356.6909720566636
7950,10,1998,139145,Diesel,73,0,0,2000,2,4,1115,358.69174393654635
8950,2,1998,138500,Petrol,86,0,0,1300,5,4,1050,426.41768908860286
7950,7,1998,137741,Diesel,90,1,0,2000,5,4,1135,410.4424214672765
9500,1,1998,137178,Diesel,90,1,0,2000,5,4,1135,494.7194797587991
8600,5,1998,134889,Diesel,72,1,0,2000,3,4,1115,433.4622760611369
5950,10,1998,134660,Diesel,72,0,0,2000,5,4,1135,292.6476691591417
7750,8,1998,134539,Petrol,110,0,0,1600,5,4,1070,418.3460427944085
7950,2,1998,131500,Diesel,72,0,0,2000,5,4,1140,435.31152098983284
6950,4,1998,131307,Petrol,110,1,0,1600,3,4,1050,365.95233617601747
7250,7,1998,130025,Petrol,110,1,0,1600,3,4,1050,363.38763703200874
6500,3,1998,130000,Petrol,86,0,0,1300,5,4,1015,314.4849946722367
7250,4,1998,128960,Petrol,110,1,0,1600,5,4,1070,313.46339545528355
9250,1,1998,128351,Petrol,110,1,0,1600,5,4,1070,518.4764580146883
8250,8,1998,128006,Petrol,110,1,0,1600,3,4,1050,361.95219879040974
7250,10,1998,127159,Diesel,72,1,0,2000,3,4,1115,386.3405869848129
5250,9,1998,126478,Petrol,110,1,0,1600,4,4,1035,209.10505977278328
7900,4,1998,126000,Petrol,110,1,0,1600,5,4,1050,426.06712232090797
6900,5,1998,125778,Petrol,110,0,0,1600,3,4,1050,347.2260343073877
7900,6,1998,125400,Petrol,110,0,0,1600,3,4,1050,420.391955164408
7250,7,1998,124910,Diesel,72,0,0,2000,5,4,1135,331.4381225381214
8450,11,1998,124743,Petrol,110,1,0,1600,3,4,1050,434.07308882824873
7950,5,1998,124591,Petrol,110,1,0,1600,5,4,1075,442.1143557133539
7950,7,1998,124057,Petrol,110,1,0,1600,3,4,1050,408.86514720737193
6450,9,1998,123403,Petrol,110,1,0,1600,3,4,1050,288.26054564192316
6650,6,1998,123104,Petrol,110,1,0,1600,5,4,1070,351.14743890582537
7950,7,1998,123077,Petrol,86,1,0,1300,3,4,1015,318.7244668381108
7250,1,1998,122820,Petrol,86,0,0,1300,5,4,1040,359.36159136144425
7450,4,1998,122290,Petrol,110,0,0,1600,3,4,1050,373.1688338926182
7950,7,1998,121900,Petrol,110,1,0,1600,4,4,1035,358.30568260870507
7250,4,1998,121545,Petrol,110,1,0,1600,5,4,1070,388.43879372168817
8250,10,1998,120474,Diesel,72,1,0,2000,3,4,1115,430.336098784226
8950,5,1998,120263,Diesel,72,1,0,2000,5,4,1135,447.75045052890954
7750,7,1998,120196,Petrol,110,1,0,1600,3,4,1050,443.8674052744583
8500,10,1998,120000,Petrol,110,0,0,1600,5,4,1085,424.6603914580327
7750,3,1998,120000,Petrol,110,0,0,1600,5,4,1075,402.4750254349016
5750,8,1998,115877,Petrol,110,0,0,1600,4,4,1035,298.0758093383215
6900,5,1998,115345,Petrol,110,1,0,1600,5,4,1070,302.52964195572616
6500,10,1998,115157,Petrol,110,1,0,1600,3,4,1050,347.96773786206234
6500,3,1998,115000,Petrol,107,1,1,1600,5,4,1100,326.1439585623183
7600,4,1998,114258,Petrol,86,1,0,1300,5,4,1050,375.79872905346684
8950,8,1998,112963,Diesel,72,1,0,2000,5,4,1135,447.00794168699196
7450,7,1998,112307,Petrol,110,1,0,1600,5,4,1070,359.46072553118023
7350,9,1998,112000,Petrol,86,1,0,1300,3,4,1015,362.52780913363773
7750,8,1998,111602,Petrol,86,1,0,1300,3,4,1015,456.0863517905019
7460,1,1998,111392,CNG,110,0,0,1598,3,4,1083,402.78627763604567
9250,5,1998,110901,Petrol,110,1,0,1600,5,4,1085,433.17804526502084
7250,1,1998,110887,Petrol,110,1,0,1600,3,4,1055,352.01057677078893
6500,9,1998,110634,Petrol,86,1,0,1300,3,4,1015,306.75461372108686
6800,1,1998,110000,Petrol,110,1,0,1600,4,4,1035,395.43157730052735
8700,6,1998,109540,Petrol,110,0,0,1600,5,4,1085,441.2161132556464
7500,3,1998,109263,Petrol,110,0,0,1600,5,4,1070,386.39421448847884
7750,10,1998,107516,Petrol,110,1,0,1600,3,4,1050,332.22298979144904
7950,8,1998,107108,Petrol,110,1,0,1600,3,4,1050,399.7598222817558
9950,6,1998,107000,Petrol,110,1,0,1600,3,4,1050,452.2279484195211
6640,7,1998,106250,Petrol,110,0,0,1600,5,4,1070,388.711166079281
8750,10,1998,106150,Petrol,86,0,0,1300,3,4,1015,437.36867155445486
7750,9,1998,106108,Petrol,110,1,0,1600,3,4,1050,439.27172396078447
5950,9,1998,105856,Petrol,86,0,0,1300,3,4,1015,292.89229664084786
6750,4,1998,105152,Petrol,86,0,0,1300,3,4,1015,294.45922881545613
6500,1,1998,105135,Petrol,110,1,0,1600,3,4,1050,328.32888990038543
8750,5,1998,104344,Petrol,110,1,0,1600,3,4,1050,450.1713578026543
7950,7,1998,104150,Petrol,110,1,0,1600,3,4,1050,343.98557290087695
6750,7,1998,104000,Petrol,86,1,0,1300,3,4,1010,334.2115411312866
7950,8,1998,103121,Petrol,86,1,0,1300,5,4,1035,379.4482522510988
7950,1,1998,102300,Petrol,86,1,0,1300,3,4,1015,337.5896217124695
8950,6,1998,102005,Petrol,107,1,1,1600,5,4,1105,381.5044578930351
7750,4,1998,102000,Petrol,86,1,0,1300,3,4,1015,382.86968848777445
6450,6,1998,101855,Petrol,110,1,0,1600,5,4,1070,291.97455986559345
6900,7,1998,101773,Petrol,110,0,0,1600,3,4,1050,316.20227828260664
8450,6,1998,101159,Petrol,110,1,0,1600,5,4,1085,430.3321850974668
6750,7,1998,101000,Petrol,86,0,0,1300,3,4,1015,360.7423198197293
8050,7,1998,100732,Petrol,86,1,1,1300,4,4,1030,389.6925919270479
9500,2,1998,100719,Petrol,110,0,0,1600,5,4,1070,446.8728410618797
7750,3,1998,100487,Petrol,110,0,0,1600,4,4,1035,392.5325863918387
8500,1,1998,100458,Petrol,110,0,0,1600,5,4,1085,444.0372613230591
7795,6,1998,100192,Petrol,110,1,0,1600,3,4,1050,423.319767556629
6490,1,1998,100123,Petrol,110,1,0,1600,3,4,1050,301.7974551612857
7950,8,1998,99971,Petrol,110,1,0,1600,3,4,1050,334.1200509421689
6425,2,1998,99397,Petrol,86,0,0,1300,5,4,1035,270.89995561717086
8950,12,1998,99374,Petrol,86,1,0,1300,5,4,1035,502.76683021984513
6950,9,1998,99245,Petrol,110,1,0,1600,5,4,1114,405.6718794989569
8750,2,1998,98742,Petrol,110,0,0,1600,5,4,1085,417.10909987488407
8450,10,1998,98154,Petrol,110,1,0,1600,3,4,1050,423.4511298765692
7950,4,1998,98000,Petrol,110,1,0,1600,5,4,1065,381.7301471033845
7950,1,1998,97548,Petrol,86,0,0,1300,5,4,1035,345.2759340959207
8900,3,1998,97534,Petrol,110,1,0,1600,5,4,1070,465.42245058314654
8950,8,1998,97494,Petrol,110,1,0,1600,5,4,1085,452.0885877410641
8900,8,1998,97085,Petrol,110,1,0,1600,5,4,1085,481.5594623195488
7950,12,1998,97000,Petrol,110,0,0,1600,4,4,1035,415.0496742479917
6495,7,1998,96302,Petrol,86,1,0,1300,3,4,1015,335.68825800298424
7250,3,1998,96000,Petrol,86,1,0,1300,3,4,1015,398.7602578663142
9250,7,1998,96000,Petrol,110,1,0,1600,5,4,1085,466.8487991605107
6650,3,1998,95909,Petrol,110,1,0,1600,5,4,1070,317.2524096904033
6990,2,1998,95700,Petrol,110,0,0,1600,5,4,1085,341.6957315590838
7750,3,1998,95651,Petrol,110,1,0,1600,5,4,1070,397.5620113342668
6950,2,1998,95000,Petrol,86,1,0,1300,5,4,1035,305.2713265762301
7250,1,1998,94447,Petrol,110,0,0,1600,3,4,1050,360.4360591358411
9950,1,1998,94079,Petrol,110,1,0,1600,5,4,1085,502.823931703806
9250,1,1998,93841,Petrol,110,0,0,1600,5,4,1070,469.6560093207094
7200,2,1998,93090,Petrol,86,1,0,1300,5,4,1035,355.1488710214626
8250,9,1998,93066,Petrol,110,1,0,1600,5,4,1075,465.80582886525076
8950,2,1998,93039,Petrol,110,1,0,1600,3,4,1050,478.1183826984743
8250,4,1998,93000,Petrol,110,1,0,1600,5,4,1075,383.07563512895854
6250,1,1998,92830,Petrol,86,1,0,1300,3,4,1015,322.11437485485897
9900,1,1998,92255,Petrol,107,0,1,1600,5,4,1105,526.8712654563434
7300,1,1998,92096,Petrol,86,1,0,1300,5,4,1035,380.4698481713248
8950,9,1998,91921,Petrol,86,1,0,1300,3,4,1020,482.7861554520139
6500,11,1998,91900,Petrol,86,1,0,1300,3,4,1015,295.43091529816974
7950,3,1998,91399,Petrol,110,1,0,1600,5,4,1070,431.34399296027686
7450,6,1998,91082,Petrol,110,1,0,1600,3,4,1050,342.55376997146163
7950,10,1998,90370,Petrol,86,1,0,1300,5,4,1035,372.1416864071938
8500,3,1998,90345,Petrol,86,1,0,1300,5,4,1035,417.60818390158397
6950,4,1998,90305,Petrol,86,1,0,1300,3,4,1015,350.80491638512524
7950,3,1998,90011,Petrol,86,0,1,1300,3,4,1045,442.370597465163
6750,4,1998,90000,Petrol,86,1,0,1300,3,4,1015,321.4568450966397
8450,11,1998,89983,Petrol,110,0,0,1600,3,4,1055,448.25677534673366
7500,3,1998,89953,Petrol,110,0,0,1600,5,4,1114,404.2849688562273
8750,7,1998,89800,Diesel,72,1,0,2000,3,4,1115,441.2035159238874
8750,2,1998,89739,Petrol,86,1,0,1300,5,4,1035,454.4102750400464
8950,5,1998,89520,Petrol,110,1,0,1600,3,4,1050,457.9746563844298
7450,6,1998,89507,Petrol,86,0,0,1300,3,4,1015,404.39275972768354
9200,12,1998,89096,Petrol,110,1,0,1600,5,4,1085,478.6664367572787
8950,7,1998,88700,Petrol,110,1,0,1600,3,4,1050,395.90066127438297
7850,9,1998,88500,Petrol,110,1,0,1600,5,4,1075,339.4605456984925
6950,8,1998,88186,Diesel,72,1,0,2000,3,4,1115,314.508452686283
7200,6,1998,88000,Petrol,110,1,0,1600,3,4,1050,373.41060791469306
7450,3,1998,87743,Petrol,110,0,0,1600,3,4,1055,387.9344207678913
6750,6,1998,87613,Petrol,86,0,0,1300,3,4,1015,294.1655713103863
7500,8,1998,87358,Petrol,110,1,0,1600,3,4,1050,379.64847310498214
7450,9,1998,87083,Petrol,110,0,0,1600,4,4,1035,372.2185484374297
7950,11,1998,87000,Petrol,110,1,0,1600,4,4,1035,407.92555855494453
7250,3,1998,87000,Petrol,110,1,0,1600,4,4,1035,392.75512454542786
7950,8,1998,87000,Petrol,86,1,0,1300,3,4,1015,380.74362298319056
8250,1,1998,87000,Petrol,86,1,0,1300,3,4,1015,394.1372804093921
8250,9,1998,86860,Petrol,110,0,0,1600,5,4,1075,412.5097016900513
6750,1,1998,86109,Petrol,110,1,0,1600,3,4,1055,372.4939285654458
8750,2,1998,86000,Petrol,86,1,0,1300,5,4,1040,455.01946916831
8950,1,1998,86000,Petrol,110,0,0,1600,3,4,1050,537.151658704614
8500,11,1998,85864,Diesel,72,1,0,2000,5,4,1135,432.7394231336135
8250,1,1998,85565,Petrol,110,0,0,1600,5,4,1070,414.49204702439744
9450,11,1998,85470,Petrol,107,0,1,1600,3,4,1080,419.06454107242354
7950,8,1998,85200,Petrol,110,1,0,1600,3,4,1050,383.3499805518187
7900,11,1998,85000,Petrol,110,1,0,1600,3,4,1055,388.30395692913606
8500,8,1998,84988,Petrol,110,1,0,1600,3,4,1050,437.3076130324952
8250,2,1998,84966,Petrol,110,0,0,1600,5,4,1070,422.2832233291305
8250,5,1998,84472,Petrol,110,1,0,1600,5,4,1070,422.5103508446795
8950,8,1998,84402,Petrol,110,1,0,1600,4,4,1035,447.606627921074
7950,7,1998,84123,Petrol,110,0,0,1600,3,4,1050,368.7708622675451
6950,1,1998,84000,Petrol,110,0,0,1600,5,4,1075,321.015140134473
7250,3,1998,84000,Petrol,110,1,0,1600,5,4,1065,379.7467541192403
7750,4,1998,84000,Petrol,110,1,0,1600,5,4,1085,426.2564641643755
8700,6,1998,83850,Petrol,110,1,0,1600,3,4,1055,447.46853303015297
8950,1,1998,83540,Petrol,110,1,0,1600,5,4,1070,390.4282403928207
6750,5,1998,83405,Petrol,110,1,0,1600,5,4,1070,324.9513034376211
7500,10,1998,83291,Petrol,110,1,0,1600,5,4,1070,349.13677240945606
7950,12,1998,83133,Petrol,86,0,0,1300,3,4,1015,415.8845474808138
8950,10,1998,83047,Petrol,86,1,1,1300,3,4,1045,400.5821912391746
7950,10,1998,82700,Petrol,110,0,0,1600,3,4,1050,374.61253468173686
7450,3,1998,82675,Petrol,86,0,0,1300,3,4,1015,406.3894644517069
5950,3,1998,82595,Petrol,86,1,0,1300,3,4,1015,274.532197675507
7750,6,1998,82256,Petrol,110,1,0,1600,3,4,1050,372.8381965185325
6950,4,1998,82103,Petrol,86,1,0,1300,3,4,1015,366.4532020620294
8750,1,1998,82021,Petrol,86,1,0,1300,5,4,1035,384.0937983608765
8950,10,1998,82000,Petrol,110,1,0,1600,5,4,1075,446.4595175280922
7495,2,1998,81988,Petrol,110,1,0,1600,5,4,1070,393.438450247676
7750,5,1998,81930,Petrol,110,0,0,1600,5,4,1070,352.7709180333214
6950,11,1998,81663,Petrol,110,0,0,1600,3,4,1050,358.9503794027641
7990,4,1998,80486,Petrol,110,1,0,1600,5,4,1070,397.21960700752334
7250,3,1998,80000,Petrol,110,1,0,1600,4,4,1065,357.77181218614334
6900,12,1998,79000,Petrol,86,0,0,1300,3,4,1015,336.2325611711071
7750,7,1998,78894,Petrol,110,0,0,1600,5,4,1070,345.4087101757473
7250,3,1998,78689,Petrol,110,0,0,1600,4,4,1035,361.47765336290666
8950,4,1998,78435,Petrol,86,0,0,1300,3,4,1015,447.617621639703
8500,10,1998,78260,Petrol,110,0,0,1600,3,4,1050,428.5385957753957
7950,9,1998,78120,Petrol,110,1,0,1600,5,4,1075,361.0852083322702
6950,4,1998,77000,Petrol,86,0,0,1300,3,4,1015,333.52272257088447
8000,3,1998,77000,Petrol,110,0,0,1600,3,4,1050,437.37679784450336
7950,6,1998,76382,Petrol,110,1,0,1600,3,4,1055,385.3075531491584
8500,5,1998,76268,Petrol,86,1,0,1300,3,4,1015,410.20330198425427
7490,8,1998,76151,Petrol,86,1,0,1300,3,4,1015,404.4397897271741
8250,1,1998,76000,Petrol,110,0,0,1600,3,4,1050,384.84044889314805
9250,10,1998,76000,Petrol,110,1,0,1600,5,4,1070,422.11435253599984
7950,9,1998,75840,Petrol,86,0,0,1300,5,4,1035,354.70513739107446
9500,4,1998,75799,Petrol,110,1,0,1600,3,4,1050,487.247165002228
8950,9,1998,75525,Petrol,110,1,0,1600,3,4,1114,447.20996232370885
8450,3,1998,75323,Petrol,86,1,0,1300,5,4,1050,454.3783998413249
7995,2,1998,75322,Petrol,110,1,0,1600,4,4,1115,384.5757493870945
8750,3,1998,75226,Petrol,110,0,0,1600,4,4,1035,464.01658053575295
5950,10,1998,75085,Petrol,86,0,0,1300,5,4,1035,300.8300001271628
8500,8,1998,75000,Petrol,110,0,0,1600,5,4,1075,390.34600455794435
8950,12,1998,75000,Petrol,86,1,0,1300,4,4,1000,455.52219819381145
8750,12,1998,75000,Petrol,86,1,0,1300,4,4,1000,430.2981532112781
7600,3,1998,74926,Petrol,110,1,0,1600,5,4,1075,392.4189174061357
7145,1,1998,74785,Petrol,110,1,0,1600,5,4,1070,272.89741916643254
8450,12,1998,74573,Petrol,110,1,0,1600,5,4,1085,452.54893476945324
5950,6,1998,74567,Petrol,86,1,0,1300,3,4,1015,240.2150417925014
9000,1,1998,74196,Petrol,110,0,0,1600,5,4,1075,423.0975517241129
7250,1,1998,74151,Petrol,110,1,0,1600,3,4,1050,329.219028379585
7400,6,1998,74096,Petrol,110,1,0,1600,3,4,1050,338.71880550175973
8800,2,1998,74093,Petrol,110,1,0,1600,5,4,1075,428.75969347911894
7750,10,1998,74000,Petrol,110,0,0,1600,3,4,1050,405.10745160156443
7500,6,1998,74000,Petrol,86,1,0,1300,3,4,1015,371.5786224283989
8450,3,1998,73638,Petrol,86,1,1,1300,4,4,1015,462.94426831484856
7400,6,1998,73460,Petrol,110,1,0,1600,5,4,1070,392.80608805570705
7500,1,1998,73200,Petrol,110,1,0,1600,5,4,1070,325.57313942378306
8950,5,1998,73116,Petrol,110,1,0,1600,5,4,1075,465.76981406702527
8950,11,1998,73014,Petrol,110,1,0,1600,5,4,1075,417.0104184907213
7950,4,1998,72703,Petrol,110,1,0,1600,3,4,1050,383.56528549495386
7950,2,1998,72328,Petrol,110,1,0,1600,5,4,1075,388.95360963127
7950,3,1998,72222,Petrol,110,1,0,1600,5,4,1070,340.89128770568846
8950,10,1998,72128,Petrol,107,1,1,1600,5,4,1100,424.91179230528166
7750,3,1998,72090,Petrol,110,1,0,1600,5,4,1070,405.0609024932347
8250,3,1998,72000,Petrol,110,1,0,1600,4,4,1035,413.0880940618105
7950,3,1998,72000,Petrol,110,0,0,1600,3,4,1055,404.66365649431935
7750,4,1998,71900,Petrol,86,1,0,1300,3,4,1015,379.8829075663007
8500,4,1998,71825,Petrol,110,0,0,1600,5,4,1075,433.1442152318388
6950,1,1998,71740,Petrol,110,1,0,1600,5,4,1070,362.16821310578746
7500,1,1998,71500,Petrol,110,1,0,1600,4,4,1035,368.69800162684095
7750,2,1998,71359,Petrol,110,1,0,1600,3,4,1050,393.15385016655904
5950,2,1998,71263,Petrol,86,0,0,1300,3,4,1015,301.792030255779
7500,3,1998,71186,Petrol,110,0,0,1600,3,4,1050,441.41385541683184
8950,9,1998,71054,Petrol,86,0,1,1300,3,4,1045,469.09812885908985
7950,5,1998,71000,Petrol,110,1,0,1600,3,4,1050,410.3708383934718
6900,1,1998,70939,Petrol,110,1,1,1600,5,4,1100,376.64123665475364
7450,4,1998,70932,Petrol,110,1,0,1600,3,4,1050,353.46454000665324
8500,1,1998,70597,Petrol,107,1,1,1600,3,4,1080,366.25562464103194
7500,8,1998,70482,Petrol,110,1,0,1600,5,4,1075,380.49868744404245
8750,4,1998,70124,Petrol,110,1,0,1600,3,4,1050,470.703562115265
7500,5,1998,70039,Petrol,110,1,0,1600,3,4,1050,395.4919168691696
9950,1,1998,69904,Petrol,110,0,0,1600,5,4,1070,522.8369349084006
7950,6,1998,69388,Petrol,86,0,0,1300,3,4,1010,412.81975590853733
9950,6,1998,69320,Petrol,110,1,0,1600,5,4,1070,507.1456029831861
9250,3,1998,69000,Petrol,110,1,0,1600,5,4,1075,471.9857444538318
9250,8,1998,68988,Petrol,86,1,0,1300,5,4,1035,446.31423770394997
9950,2,1998,68945,Petrol,110,1,0,1600,5,4,1085,517.8029627108104
5950,7,1998,68285,Petrol,110,1,0,1600,3,4,1050,341.81706271230473
7995,5,1998,68000,Petrol,110,1,0,1600,5,4,1075,415.2918915096669
8950,11,1998,68000,Petrol,86,1,1,1300,3,4,1045,417.58493564361095
7450,6,1998,67451,Petrol,86,1,0,1300,4,4,1000,325.4541514958453
8250,5,1998,67266,Petrol,86,1,0,1300,5,4,1035,392.5552483135151
8500,3,1998,67255,Petrol,110,0,0,1600,5,4,1085,435.3374051967853
8500,11,1998,67100,Petrol,110,1,0,1600,5,4,1075,469.31710286567034
9400,12,1998,67092,Diesel,72,1,0,2000,3,4,1115,465.9085861128566
7250,1,1998,66880,Petrol,110,1,0,1600,3,4,1055,371.65119421357997
8950,2,1998,66855,Petrol,110,1,0,1600,5,4,1075,476.1430192669403
9450,1,1998,66843,Petrol,110,1,0,1600,5,4,1075,510.3413446045646
8500,7,1998,66718,Petrol,110,1,0,1600,3,4,1050,374.73832266365525
6750,1,1998,66168,Petrol,86,1,0,1300,3,4,1015,355.94914788786474
7400,1,1998,65950,Petrol,110,0,0,1600,5,4,1070,365.3515026202701
8950,3,1998,65500,Petrol,86,1,0,1300,3,4,1015,492.30930649935465
6900,1,1998,65307,Petrol,110,1,0,1600,3,4,1055,339.74439501129774
7750,2,1998,65254,Petrol,86,1,0,1300,3,4,1015,376.98714514202163
8950,10,1998,65021,Diesel,72,1,0,2000,3,4,1115,458.3755122402606
6950,6,1998,65006,Petrol,86,1,0,1300,3,4,1015,348.349294039156
8495,4,1998,64280,Petrol,110,0,0,1600,4,4,1035,419.85492530350575
10000,6,1998,64000,Petrol,107,0,1,1600,3,4,1085,492.3665172992869
6999,10,1998,64000,Petrol,110,1,0,1600,5,4,1070,319.6904137383409
8950,1,1998,64000,Petrol,110,0,0,1600,3,4,1055,426.55599750109525
8500,2,1998,63918,Petrol,110,0,0,1600,4,4,1035,477.3235570537996
8750,6,1998,63634,Petrol,110,1,0,1600,4,4,1035,398.47408206508845
7499,1,1998,63500,Petrol,110,1,0,1600,3,4,1050,379.9025487106285
9000,1,1998,63266,Petrol,110,1,0,1600,4,4,1035,472.1280462118265
8950,4,1998,62595,Petrol,110,1,0,1600,3,4,1050,438.78706473074357
6950,1,1998,62581,Petrol,110,0,0,1600,5,4,1075,315.37551352561337
8500,4,1998,62285,Petrol,110,1,0,1600,5,4,1075,414.11105640858
8450,4,1998,61906,Petrol,86,1,1,1300,5,4,1065,419.1891315130501
8950,7,1998,61700,Petrol,110,0,0,1600,5,4,1070,413.12028229658176
8250,4,1998,61648,Petrol,110,1,0,1600,5,4,1070,347.51442295321203
7950,6,1998,61626,Petrol,86,0,0,1300,5,4,1035,423.30503929334856
7450,11,1998,61510,Petrol,110,0,0,1600,4,4,1035,371.7039982774268
9000,2,1998,61165,Petrol,107,1,1,1600,3,4,1080,432.8620358706388
7150,11,1998,61000,Petrol,110,1,0,1600,4,4,1035,399.4515056939512
7750,5,1998,60833,Petrol,110,1,0,1600,4,4,1035,361.0690982673578
5845,11,1998,60600,Petrol,86,0,0,1300,3,4,1060,319.4232281430196
8500,9,1998,60483,Petrol,110,1,0,1600,5,4,1075,403.14130639594276
8250,1,1998,60476,Petrol,110,1,0,1600,5,4,1114,466.9229818078742
9450,2,1998,60142,Petrol,110,0,0,1600,3,4,1050,455.0616996436887
6750,12,1998,60050,Petrol,110,1,0,1600,3,4,1050,376.00357241515195
8400,4,1998,60000,Petrol,110,1,0,1600,3,4,1050,405.84343383375324
7900,5,1998,60000,Petrol,110,0,0,1600,3,4,1050,421.19534557175626
7950,5,1998,59815,Petrol,110,1,0,1587,3,4,1055,413.98658178988273
8750,1,1998,59326,Petrol,110,1,0,1600,5,4,1085,434.78384535865064
9900,8,1998,59240,Petrol,110,1,0,1600,3,4,1050,498.3242692610601
6495,10,1998,59164,Petrol,110,0,0,1600,4,4,1035,297.9251101510083
8250,11,1998,59017,Petrol,107,1,1,1600,3,4,1080,454.17186816945434
6900,12,1998,58952,Petrol,110,1,0,1600,3,4,1050,322.67864787789284
7500,7,1998,58454,Petrol,86,1,0,1300,3,4,1015,377.5478145189368
7950,6,1998,58341,Petrol,86,1,1,1300,4,4,1030,400.7687883071619
8250,1,1998,58267,Petrol,110,1,0,1600,5,4,1070,327.85383919274557
8950,1,1998,58000,Petrol,110,0,0,1600,3,4,1055,435.0232627962157
9750,11,1998,57829,Petrol,110,0,0,1600,3,4,1050,466.45265792873073
8250,1,1998,57787,Petrol,86,0,0,1300,3,4,1015,420.3216855609909
8900,3,1998,57628,Petrol,110,0,0,1600,5,4,1075,459.9722444000299
8950,6,1998,57537,Petrol,86,1,0,1300,5,4,1050,442.3243784915944
6750,5,1998,57263,Petrol,110,1,0,1600,3,4,1050,348.47079013854403
7950,6,1998,57144,Petrol,110,1,0,1600,5,4,1070,413.1175634082224
8600,12,1998,57096,Petrol,86,1,0,1300,3,4,1025,453.38031846349594
7750,1,1998,57000,Petrol,86,0,0,1300,4,4,1000,398.60553332263356
7800,8,1998,56566,Petrol,110,1,0,1600,3,4,1050,407.291537419409
8750,8,1998,56307,Petrol,110,1,0,1600,3,4,1050,453.2596492617766
9500,2,1998,56214,Petrol,86,0,0,1300,3,4,1015,495.0548641514423
7750,7,1998,56132,Petrol,110,0,0,1600,4,4,1035,386.8451376067786
9950,2,1998,55425,Petrol,110,0,0,1600,5,4,1075,500.62161521278944
7750,4,1998,54439,Petrol,86,1,0,1300,3,4,1015,341.6982106690395
5950,12,1998,53809,Petrol,110,1,0,1600,3,4,1050,335.31937473399626
10950,5,1998,53133,Petrol,110,1,0,1600,5,4,1070,548.5627727925303
9450,4,1998,52900,Petrol,110,1,0,1600,4,4,1075,478.7994498912479
8250,1,1998,52700,Petrol,110,0,0,1600,3,4,1050,403.99191343432403
9750,12,1998,52320,Petrol,110,0,0,1600,5,4,1070,489.38682083589185
7450,3,1998,52287,Petrol,110,0,0,1600,5,4,1114,415.63791776816316
8750,6,1998,52000,Petrol,110,0,0,1600,5,4,1075,449.88406010368203
8750,12,1998,52000,Petrol,110,1,0,1600,3,4,1050,424.3140356660461
8500,8,1998,52000,Petrol,110,1,1,1600,4,4,1065,446.1816315142218
8950,11,1998,51874,Petrol,86,0,0,1300,4,4,1000,472.36824197998334
7500,2,1998,49827,Petrol,86,1,0,1300,5,4,1035,389.26737981067066
7250,12,1998,49640,Petrol,110,1,0,1600,4,4,1035,369.40800983943086
7450,1,1998,49580,Petrol,110,1,0,1600,4,4,1035,411.47980768990647
8750,5,1998,49170,Petrol,86,0,0,1300,3,4,1045,450.699089802842
9800,4,1998,48838,Petrol,110,0,0,1600,3,4,1055,532.4276938140272
7500,10,1998,48576,Petrol,86,1,0,1300,3,4,1015,338.4582157155466
8950,6,1998,48400,Petrol,110,1,0,1600,5,4,1075,476.3038749820124
8950,7,1998,48242,Petrol,86,1,0,1300,5,4,1035,506.46993892640677
7450,11,1998,47955,Petrol,110,1,0,1600,5,4,1070,404.84440689121845
8950,10,1998,47633,Petrol,110,1,0,1600,5,4,1075,438.99321549488
10500,3,1998,47400,Petrol,86,1,0,1300,5,4,1040,534.3477705955999
7000,8,1998,47360,Petrol,86,0,0,1300,3,4,1010,303.5093036312965
8500,4,1998,45507,Petrol,110,1,0,1600,3,4,1050,377.88404496318685
7750,5,1998,45410,Petrol,86,1,0,1300,5,4,1035,430.94303649314656
8950,11,1998,44850,Petrol,110,1,0,1600,3,4,1050,428.5026837588468
8250,12,1998,44826,Petrol,110,0,0,1600,5,4,1075,449.3661428512778
9250,1,1998,44444,Petrol,110,1,0,1600,3,4,1050,472.5812512771989
7900,6,1998,43720,Petrol,110,1,0,1600,5,4,1070,403.56789021476953
8500,3,1998,43622,Petrol,86,1,0,1300,4,4,1000,397.38703104003525
7950,5,1998,43532,Petrol,110,0,0,1600,5,4,1070,406.08774013553153
9950,12,1998,42800,Petrol,110,1,0,1600,3,4,1050,556.8661692817861
8750,7,1998,42317,Petrol,107,1,1,1600,5,4,1100,387.7515769244931
7500,1,1998,42186,Petrol,110,1,0,1600,3,4,1050,405.52532952700966
6950,9,1998,42000,Petrol,110,1,0,1600,3,4,1050,312.53468506138626
8950,2,1998,40093,Petrol,110,0,0,1600,5,4,1114,436.7489462050492
8750,2,1998,39800,Petrol,107,0,1,1600,3,4,1080,374.56346077368244
7750,8,1998,39168,Petrol,86,0,0,1300,3,4,1015,394.73062655751
8450,6,1998,38945,Petrol,110,1,0,1600,3,4,1050,451.5096371113735
8150,5,1998,36537,Petrol,110,0,1,1600,4,4,1075,428.06265702870934
8500,3,1998,36000,Petrol,86,0,1,1300,3,4,1045,434.63591390408584
7600,3,1998,36000,Petrol,110,1,0,1600,3,4,1050,363.98645123266
7950,1,1998,35821,Petrol,86,0,1,1300,3,4,1015,377.5814479395828
7750,8,1998,34717,Petrol,86,0,0,1300,3,4,1015,399.8466057118234
7950,1,1998,34000,Petrol,86,1,0,1300,4,4,1000,420.47789107868243
9950,3,1998,30964,Petrol,110,0,1,1600,3,4,1080,478.67964474607635
8950,10,1998,29000,Petrol,86,1,1,1300,3,4,1045,465.4397720190088
8450,9,1998,26000,Petrol,86,0,0,1300,3,4,1015,384.985691195417
8950,3,1998,24000,Petrol,86,1,1,1300,5,4,1065,474.70628447172277
8450,1,1998,23000,Petrol,86,0,0,1300,3,4,1015,422.61509522253726
7500,12,1998,20544,Petrol,86,1,0,1300,3,4,1025,463.58594789399746
10845,9,1998,19000,Petrol,86,0,0,1300,3,4,1015,570.6326211838172
8500,10,1998,17016,Petrol,86,0,0,1300,3,4,1015,422.15660158331383
7250,11,1998,16916,Petrol,86,1,0,1300,3,4,1015,392.48320177876826
6950,5,1998,1,Petrol,110,0,0,1600,5,4,1114,363.73775326157755
